lat,lon,avg_score
36.0,36.0,0.80142
37.0,29.0,0.70869
37.0,30.0,0.68479
37.0,31.0,0.6847
37.0,32.0,0.68667
37.0,33.0,0.79039
37.0,34.0,0.66821
37.0,35.0,0.59801
37.0,36.0,0.63848
37.0,37.0,0.71712
37.0,38.0,0.72567
37.0,39.0,0.77088
37.0,40.0,0.76494
38.0,28.0,0.63554
38.0,29.0,0.6205
38.0,30.0,0.58905
38.0,31.0,0.6436
38.0,32.0,0.63644
38.0,33.0,0.75943
38.0,34.0,0.69611
38.0,35.0,0.6939
38.0,36.0,0.6959
38.0,37.0,0.71947
38.0,38.0,0.66317
38.0,39.0,0.67123
38.0,40.0,0.64278
38.0,41.0,0.62136
38.0,42.0,0.61626
38.0,43.0,0.75508
38.0,44.0,0.66062
39.0,27.0,0.38687
39.0,28.0,0.39387
39.0,29.0,0.39778
39.0,30.0,0.44573
39.0,31.0,0.51414
39.0,32.0,0.56583
39.0,33.0,0.57478
39.0,34.0,0.57747
39.0,35.0,0.56504
39.0,36.0,0.54824
39.0,37.0,0.57004
39.0,38.0,0.55013
39.0,39.0,0.5233
39.0,40.0,0.60119
39.0,41.0,0.63226
39.0,42.0,0.64691
39.0,43.0,0.58033
39.0,44.0,0.54406
40.0,27.0,0.3085
40.0,28.0,0.21522
40.0,29.0,0.22443
40.0,30.0,0.18283
40.0,31.0,0.2604
40.0,32.0,0.34953
40.0,33.0,0.40622
40.0,34.0,0.41633
40.0,35.0,0.34201
40.0,36.0,0.20893
40.0,37.0,0.08446
40.0,38.0,0.0984
40.0,39.0,0.1403
40.0,40.0,0.19723
40.0,41.0,0.40033
40.0,42.0,0.5066
40.0,43.0,0.49218
40.0,44.0,0.341
41.0,27.0,0.22772
41.0,30.0,0.0504
41.0,31.0,0.08385
41.0,32.0,0.13567
41.0,33.0,0.16262
41.0,34.0,0.17095
41.0,35.0,0.15271
41.0,36.0,0.02793
41.0,37.0,0.01598
41.0,39.0,-0.08968
41.0,41.0,-0.19507
41.0,42.0,0.04439
41.0,43.0,0.15457
42.0,27.0,0.125
42.0,35.0,0.10278
36.33,29.33,0.80963
36.33,30.0,0.77191
36.33,30.33,0.78239
36.33,29.67,0.78157
36.33,32.33,0.75455
36.33,33.0,0.79311
36.33,33.33,0.7895
36.33,32.67,0.77697
36.33,34.0,0.78935
36.33,33.67,0.78796
36.33,36.0,0.77865
36.0,36.33,0.80585
36.33,36.33,0.78241
37.0,27.33,0.81846
37.33,28.0,0.72683
36.67,28.0,0.76648
37.0,28.33,0.7341
37.33,28.33,0.72041
37.33,27.67,0.74126
37.33,29.0,0.69677
37.0,29.33,0.7077
37.0,28.67,0.71485
37.33,29.33,0.69027
37.33,28.67,0.69894
36.67,29.33,0.72794
37.33,30.0,0.67921
36.67,30.0,0.70824
37.0,30.33,0.69148
37.0,29.67,0.69351
37.33,30.33,0.67922
37.33,29.67,0.68073
36.67,30.33,0.71385
36.67,29.67,0.7152
37.33,31.0,0.68007
37.0,31.33,0.68942
37.0,30.67,0.6892
37.33,31.33,0.68004
37.33,30.67,0.67791
37.33,32.0,0.69806
36.67,32.0,0.71287
37.0,32.33,0.71091
37.0,31.67,0.69809
37.33,32.33,0.71305
37.33,31.67,0.69477
36.67,32.33,0.72804
36.67,31.67,0.71673
37.33,33.0,0.75548
36.67,33.0,0.76717
37.0,33.33,0.76097
37.0,32.67,0.76078
37.33,33.33,0.74288
37.33,32.67,0.74093
36.67,33.33,0.75812
36.67,32.67,0.75378
37.33,34.0,0.69491
36.67,34.0,0.71285
37.0,34.33,0.68117
37.0,33.67,0.7035
37.33,34.33,0.68843
37.33,33.67,0.71488
36.67,34.33,0.71068
36.67,33.67,0.73365
37.33,35.0,0.64748
37.0,35.33,0.63705
37.0,34.67,0.64063
37.33,35.33,0.65748
37.33,34.67,0.66124
36.67,35.33,0.68052
37.33,36.0,0.6716
37.0,36.33,0.67319
37.0,35.67,0.65898
37.33,36.33,0.68687
37.33,35.67,0.67094
36.67,36.33,0.70867
37.33,37.0,0.71789
37.0,37.33,0.72505
37.0,36.67,0.71515
37.33,37.33,0.72032
37.33,36.67,0.71093
36.67,37.33,0.74752
37.33,38.0,0.72894
37.0,38.33,0.74161
37.0,37.67,0.73534
37.33,38.33,0.73353
37.33,37.67,0.72898
37.33,39.0,0.75138
37.0,39.33,0.76975
37.0,38.67,0.76467
37.33,39.33,0.74877
37.33,38.67,0.74436
37.33,40.0,0.7468
37.0,40.33,0.76348
37.0,39.67,0.76749
37.33,40.33,0.74049
37.33,39.67,0.74659
37.33,41.0,0.72802
37.33,41.33,0.72192
37.33,40.67,0.72901
37.33,42.0,0.71905
37.33,42.33,0.72466
37.33,41.67,0.71821
37.33,43.33,0.73968
37.33,42.67,0.73549
37.33,44.0,0.74189
37.0,44.33,0.75098
37.33,44.33,0.74455
37.33,43.67,0.74296
37.33,44.67,0.75176
38.33,26.33,0.6568
38.33,27.0,0.62773
38.0,27.33,0.65844
38.33,27.33,0.61164
37.67,27.33,0.68167
38.33,28.0,0.59015
37.67,28.0,0.64457
38.0,28.33,0.62269
38.0,27.67,0.63016
38.33,28.33,0.57971
38.33,27.67,0.58695
37.67,28.33,0.64027
37.67,27.67,0.65389
38.33,29.0,0.57591
37.67,29.0,0.62265
38.0,29.33,0.60478
38.0,28.67,0.60986
38.33,29.33,0.56683
38.33,28.67,0.57022
37.67,29.33,0.61843
37.67,28.67,0.62553
38.33,30.0,0.57132
37.67,30.0,0.60827
38.0,30.33,0.59583
38.0,29.67,0.59207
38.33,30.33,0.57531
38.33,29.67,0.56689
37.67,30.33,0.61524
37.67,29.67,0.61247
38.33,31.0,0.61065
37.67,31.0,0.63768
38.0,31.33,0.63252
38.0,30.67,0.62555
38.33,31.33,0.60944
38.33,30.67,0.5975
37.67,31.33,0.63827
37.67,30.67,0.63118
38.33,32.0,0.6342
37.67,32.0,0.65711
38.0,32.33,0.65601
38.0,31.67,0.64087
38.33,32.33,0.64619
38.33,31.67,0.62806
37.67,32.33,0.67451
37.67,31.67,0.65458
38.33,33.0,0.6979
37.67,33.0,0.72496
38.0,33.33,0.72458
38.0,32.67,0.71792
38.33,33.33,0.68633
38.33,32.67,0.67874
37.67,33.33,0.71535
37.67,32.67,0.709
38.33,34.0,0.67118
37.67,34.0,0.68717
38.0,34.33,0.68436
38.0,33.67,0.69434
38.33,34.33,0.66323
38.33,33.67,0.67355
37.67,34.33,0.67856
37.67,33.67,0.69645
38.33,35.0,0.65861
37.67,35.0,0.66713
38.0,35.33,0.67589
38.0,34.67,0.67662
38.33,35.33,0.65176
38.33,34.67,0.65355
37.67,35.33,0.66239
37.67,34.67,0.66421
38.33,36.0,0.66125
37.67,36.0,0.67514
38.0,36.33,0.68314
38.0,35.67,0.6787
38.33,36.33,0.65856
38.33,35.67,0.65393
37.67,36.33,0.6769
37.67,35.67,0.66769
38.33,37.0,0.67388
37.67,37.0,0.69586
38.0,37.33,0.69355
38.0,36.67,0.69613
38.33,37.33,0.66214
38.33,36.67,0.66536
37.67,37.33,0.6891
37.67,36.67,0.68872
38.33,38.0,0.6472
37.67,38.0,0.67545
38.0,38.33,0.66263
38.0,37.67,0.66808
38.33,38.33,0.64235
38.33,37.67,0.65007
37.67,38.33,0.67764
37.67,37.67,0.68119
38.33,39.0,0.64586
37.67,39.0,0.67948
38.0,39.33,0.66412
38.0,38.67,0.66523
38.33,39.33,0.64176
38.33,38.67,0.64133
37.67,39.33,0.67948
37.67,38.67,0.67949
38.33,40.0,0.64034
37.67,40.0,0.66664
38.0,40.33,0.64692
38.0,39.67,0.6515
38.33,40.33,0.63964
38.33,39.67,0.64049
37.67,40.33,0.66746
37.67,39.67,0.67385
38.33,41.0,0.63417
37.67,41.0,0.65176
38.0,41.33,0.63333
38.0,40.67,0.63628
38.33,41.33,0.63622
38.33,40.67,0.63743
37.67,41.33,0.65475
37.67,40.67,0.65973
38.33,42.0,0.63999
37.67,42.0,0.65506
38.0,42.33,0.6488
38.0,41.67,0.63432
38.33,42.33,0.65423
38.33,41.67,0.64046
37.67,42.33,0.67375
37.67,41.67,0.65783
38.33,43.0,0.69566
37.67,43.0,0.71986
38.0,43.33,0.71796
38.0,42.67,0.71389
38.33,43.33,0.68009
38.33,42.67,0.6797
37.67,43.33,0.71001
37.67,42.67,0.70441
38.33,44.0,0.65589
37.67,44.0,0.68655
38.0,43.67,0.67647
38.33,44.33,0.65882
38.33,43.67,0.66188
37.67,44.33,0.69537
37.67,43.67,0.69588
39.33,27.0,0.40797
38.67,27.0,0.46454
39.0,27.33,0.41293
39.33,27.33,0.4007
38.67,27.33,0.46805
39.33,28.0,0.3769
38.67,28.0,0.43966
39.0,28.33,0.40228
39.0,27.67,0.40262
39.33,28.33,0.37359
39.33,27.67,0.37687
38.67,28.33,0.44597
38.67,27.67,0.44799
39.33,29.0,0.37504
38.67,29.0,0.43748
39.0,29.33,0.40697
39.0,28.67,0.40214
39.33,29.33,0.37464
39.33,28.67,0.37026
38.67,29.33,0.44656
38.67,28.67,0.44279
39.33,30.0,0.40536
38.67,30.0,0.46726
39.0,30.33,0.44897
39.0,29.67,0.43501
39.33,30.33,0.40866
39.33,29.67,0.39235
38.67,30.33,0.47956
38.67,29.67,0.46373
39.33,31.0,0.46226
38.67,31.0,0.51989
39.0,31.33,0.508
39.0,30.67,0.49165
39.33,31.33,0.46548
39.33,30.67,0.44203
38.67,31.33,0.52853
38.67,30.67,0.50997
39.33,32.0,0.51836
38.67,32.0,0.56776
39.0,32.33,0.55593
39.0,31.67,0.54585
39.33,32.33,0.51736
39.33,31.67,0.50147
38.67,32.33,0.5748
38.67,31.67,0.56026
39.33,33.0,0.54232
38.67,33.0,0.59285
39.0,33.33,0.57089
39.0,32.67,0.56801
39.33,33.33,0.53925
39.33,32.67,0.53395
38.67,33.33,0.59646
38.67,32.67,0.59144
39.33,34.0,0.54451
38.67,34.0,0.59235
39.0,34.33,0.57004
39.0,33.67,0.57277
39.33,34.33,0.53599
39.33,33.67,0.541
38.67,34.33,0.59188
38.67,33.67,0.59697
39.33,35.0,0.51913
38.67,35.0,0.57577
39.0,35.33,0.55164
39.0,34.67,0.55746
39.33,35.33,0.50448
39.33,34.67,0.51838
38.67,35.33,0.57423
38.67,34.67,0.5797
39.33,36.0,0.48386
38.67,36.0,0.5599
39.0,36.33,0.53392
39.0,35.67,0.53633
39.33,36.33,0.46904
39.33,35.67,0.481
38.67,36.33,0.5621
38.67,35.67,0.56274
39.33,37.0,0.4696
38.67,37.0,0.56174
39.0,37.33,0.536
39.0,36.67,0.53768
39.33,37.33,0.45069
39.33,36.67,0.45629
38.67,37.33,0.55666
38.67,36.67,0.55906
39.33,38.0,0.45498
38.67,38.0,0.54376
39.0,38.33,0.51831
39.0,37.67,0.52349
39.33,38.33,0.43819
39.33,37.67,0.4415
38.67,38.33,0.53845
38.67,37.67,0.54615
39.33,39.0,0.45298
38.67,39.0,0.53389
39.0,39.33,0.51461
39.0,38.67,0.50784
39.33,39.33,0.45019
39.33,38.67,0.43925
38.67,39.33,0.54048
38.67,38.67,0.5344
39.33,40.0,0.5135
38.67,40.0,0.57853
39.0,40.33,0.5753
39.0,39.67,0.56003
39.33,40.33,0.51211
39.33,39.67,0.4864
38.67,40.33,0.5797
38.67,39.67,0.5665
39.33,41.0,0.57033
38.67,41.0,0.60827
39.0,41.33,0.61063
39.0,40.67,0.602
39.33,41.33,0.56958
39.33,40.67,0.54888
38.67,41.33,0.60706
38.67,40.67,0.59989
39.33,42.0,0.60161
38.67,42.0,0.62674
39.0,42.33,0.62262
39.0,41.67,0.62575
39.33,42.33,0.59114
39.33,41.67,0.59171
38.67,42.33,0.62254
38.67,41.67,0.6213
39.33,43.0,0.56281
38.67,43.0,0.60091
39.0,43.33,0.57463
39.0,42.67,0.58795
39.33,43.33,0.54982
39.33,42.67,0.5702
38.67,43.33,0.59711
38.67,42.67,0.60893
39.33,44.0,0.5133
38.67,44.0,0.56754
39.0,43.67,0.54839
39.33,43.67,0.51933
38.67,43.67,0.57722
40.0,26.33,0.39047
40.33,26.33,0.3555
39.67,26.33,0.40237
40.33,27.0,0.29564
39.67,27.0,0.32946
40.0,27.33,0.29849
40.0,26.67,0.32524
40.33,27.33,0.27683
40.33,26.67,0.31056
39.67,27.33,0.31684
39.67,26.67,0.35182
40.33,28.0,0.21654
39.67,28.0,0.25862
40.0,28.33,0.22767
40.0,27.67,0.23896
40.33,28.33,0.21189
39.67,28.33,0.2626
39.67,27.67,0.27359
40.33,29.0,0.20067
39.67,29.0,0.25155
40.0,29.33,0.22108
40.0,28.67,0.22481
40.33,29.33,0.19283
40.33,28.67,0.19871
39.67,29.33,0.25369
39.67,28.67,0.25561
40.33,30.0,0.18628
39.67,30.0,0.24637
40.0,30.33,0.21079
40.0,29.67,0.20527
40.33,30.33,0.19356
40.33,29.67,0.18804
39.67,30.33,0.2644
39.67,29.67,0.25425
40.33,31.0,0.24051
39.67,31.0,0.30638
40.0,31.33,0.27894
40.0,30.67,0.25754
40.33,31.33,0.25112
40.33,30.67,0.22521
39.67,31.33,0.32694
39.67,30.67,0.29983
40.33,32.0,0.31129
39.67,32.0,0.37756
40.0,32.33,0.35392
40.0,31.67,0.33561
40.33,32.33,0.31573
40.33,31.67,0.29336
39.67,32.33,0.39132
39.67,31.67,0.36963
40.33,33.0,0.35702
39.67,33.0,0.42165
40.0,33.33,0.39835
40.0,32.67,0.39021
40.33,33.33,0.35337
40.33,32.67,0.34333
39.67,33.33,0.4269
39.67,32.67,0.41777
40.33,34.0,0.3624
39.67,34.0,0.42615
40.0,34.33,0.39591
40.0,33.67,0.40332
40.33,34.33,0.34764
40.33,33.67,0.35609
39.67,34.33,0.42068
39.67,33.67,0.42902
40.33,35.0,0.30427
39.67,35.0,0.37162
40.0,35.33,0.32353
40.0,34.67,0.34934
40.33,35.33,0.28004
40.33,34.67,0.31282
39.67,35.33,0.36015
39.67,34.67,0.38837
40.33,36.0,0.20106
39.67,36.0,0.27958
40.0,36.33,0.21225
40.0,35.67,0.2432
40.33,36.33,0.18232
40.33,35.67,0.2207
39.67,36.33,0.27473
39.67,35.67,0.30725
40.33,37.0,0.11321
39.67,37.0,0.20031
40.0,37.33,0.12492
40.0,36.67,0.13858
40.33,37.33,0.11205
40.33,36.67,0.13068
39.67,37.33,0.21431
39.67,36.67,0.22864
40.33,38.0,0.10004
39.67,38.0,0.19434
40.0,38.33,0.12984
40.0,37.67,0.12543
40.33,38.33,0.10275
40.33,37.67,0.10156
39.67,38.33,0.21163
39.67,37.67,0.20814
40.33,39.0,0.11953
39.67,39.0,0.21842
40.0,39.33,0.16321
40.0,38.67,0.15199
40.33,39.33,0.12251
40.33,38.67,0.11213
39.67,39.33,0.23853
39.67,38.67,0.22419
40.33,40.0,0.16317
39.67,40.0,0.275
40.0,40.33,0.23137
40.0,39.67,0.20164
40.33,40.33,0.17574
40.33,39.67,0.14808
39.67,40.33,0.30836
39.67,39.67,0.272
40.33,41.0,0.28714
39.67,41.0,0.4058
40.0,41.33,0.38502
40.0,40.67,0.34719
40.33,41.33,0.29281
40.33,40.67,0.24631
39.67,41.33,0.42419
39.67,40.67,0.38235
40.33,42.0,0.38943
39.67,42.0,0.4851
40.0,42.33,0.46767
40.0,41.67,0.45367
40.33,42.33,0.3814
40.33,41.67,0.35329
39.67,42.33,0.48295
39.67,41.67,0.47117
40.33,43.0,0.39547
39.67,43.0,0.4704
40.0,43.33,0.44106
40.0,42.67,0.46139
40.33,43.33,0.36419
40.33,42.67,0.38663
39.67,43.33,0.44996
39.67,42.67,0.47568
39.67,44.0,0.37294
40.0,44.33,0.32486
40.0,43.67,0.35661
39.67,44.33,0.36069
39.67,43.67,0.39679
40.67,26.33,0.26722
41.33,27.0,0.20185
40.67,27.0,0.2308
41.0,27.33,0.20654
41.0,26.67,0.22615
41.33,27.33,0.18574
41.33,26.67,0.20545
40.67,26.67,0.24276
41.33,28.0,0.13038
41.33,28.33,0.12957
41.33,27.67,0.14666
41.0,29.33,0.09455
41.0,28.67,0.10045
41.33,28.67,0.11414
40.67,29.33,0.11779
40.67,30.0,0.10134
41.0,30.33,0.07994
41.0,29.67,0.07974
40.67,30.33,0.11251
40.67,29.67,0.11078
40.67,31.0,0.13177
41.0,31.33,0.11153
41.0,30.67,0.10015
40.67,31.33,0.14885
40.67,30.67,0.13031
41.33,32.0,0.14549
40.67,32.0,0.18035
41.0,32.33,0.15436
41.0,31.67,0.14425
41.33,32.33,0.15061
41.33,31.67,0.14205
40.67,32.33,0.19446
40.67,31.67,0.17796
41.33,33.0,0.16218
40.67,33.0,0.21032
41.0,33.33,0.17704
41.0,32.67,0.17266
41.33,33.33,0.16364
41.33,32.67,0.16106
40.67,33.33,0.22007
40.67,32.67,0.21307
41.33,34.0,0.16552
40.67,34.0,0.215
41.0,34.33,0.17938
41.0,33.67,0.18085
41.33,34.33,0.16429
41.33,33.67,0.16494
40.67,34.33,0.21812
40.67,33.67,0.22229
41.33,35.0,0.14778
40.67,35.0,0.18206
41.0,35.33,0.14507
41.0,34.67,0.16288
41.33,35.33,0.13727
41.33,34.67,0.15224
40.67,35.33,0.16986
40.67,34.67,0.19681
41.33,36.0,0.0813
40.67,36.0,0.08993
41.0,36.33,0.0565
41.0,35.67,0.07445
41.33,35.67,0.10002
40.67,36.33,0.08811
40.67,35.67,0.11699
40.67,37.0,0.04492
41.0,37.33,0.0242
41.0,36.67,0.0374
41.33,36.67,0.06404
40.67,37.33,0.03954
40.67,36.67,0.05745
40.67,38.0,-0.00845
41.0,37.67,-0.02578
40.67,38.33,-0.00134
40.67,37.67,0.00956
40.67,39.0,-0.02076
41.0,39.33,-0.05669
40.67,39.33,-0.0112
40.67,38.67,-0.00961
40.67,40.0,-0.02644
41.0,39.67,-0.07171
40.67,40.33,-0.01329
40.67,39.67,-0.0121
40.67,41.0,-0.02003
41.0,41.33,-0.08947
41.0,40.67,-0.10985
41.33,41.33,-0.0476
40.67,41.33,0.03112
40.67,40.67,-0.00268
41.33,42.0,0.03886
40.67,42.0,0.12703
41.0,42.33,0.0795
41.0,41.67,0.03936
41.33,42.33,0.05639
41.33,41.67,0.01641
40.67,42.33,0.1587
40.67,41.67,0.1116
41.33,43.0,0.1059
40.67,43.0,0.189
41.0,43.33,0.13662
41.0,42.67,0.13976
41.33,42.67,0.09203
40.67,43.33,0.18179
40.67,42.67,0.19139
40.67,43.67,0.14699
41.67,27.0,0.14209
42.0,27.33,0.13007
41.67,27.33,0.14153
41.67,26.67,0.14671
41.67,28.0,0.13369
41.67,27.67,0.13552
41.67,32.33,0.1195
41.67,33.0,0.10387
42.0,33.33,0.08996
41.67,33.33,0.10624
41.67,32.67,0.11096
41.67,34.0,0.10232
41.67,34.33,0.10799
41.67,33.67,0.10542
41.67,35.0,0.11304
41.67,35.33,0.11715
41.67,34.67,0.11265
41.67,36.0,0.1314
