lat,lon,ALLSKY_SFC_SW_DWN,ALLSKY_KT,CLOUD_AMT,PRECTOTCORR,ALLSKY_SFC_SW_DWN_norm,CLOUD_AMT_norm,PRECTOTCORR_norm
40.82,29.29,15.095,0.535,50.71,1.86,0.0331,0.0285,0.0337
40.82,29.32,15.095,0.535,50.71,1.86,0.0331,0.0285,0.0337
40.84,29.29,15.095,0.535,50.71,1.86,0.0331,0.0285,0.0337
40.84,29.32,15.095,0.535,50.71,1.86,0.0331,0.0285,0.0337
40.84,29.35,15.095,0.535,50.71,1.86,0.0331,0.0285,0.0337
40.86,29.26,15.095,0.535,50.71,1.86,0.0331,0.0285,0.0337
40.86,29.29,15.095,0.535,50.71,1.86,0.0331,0.0285,0.0337
40.86,29.32,15.095,0.535,50.71,1.86,0.0331,0.0285,0.0337
40.86,29.35,15.095,0.535,50.71,1.86,0.0331,0.0285,0.0337
40.88,29.2,15.095,0.535,50.71,1.86,0.0331,0.0285,0.0337
40.88,29.23,15.095,0.535,50.71,1.86,0.0331,0.0285,0.0337
40.88,29.26,15.095,0.535,50.71,1.86,0.0331,0.0285,0.0337
40.88,29.29,15.095,0.535,50.71,1.86,0.0331,0.0285,0.0337
40.88,29.32,15.095,0.535,50.71,1.86,0.0331,0.0285,0.0337
40.88,29.35,15.095,0.535,50.71,1.86,0.0331,0.0285,0.0337
40.88,29.38,15.095,0.535,50.71,1.86,0.0331,0.0285,0.0337
40.88,29.41,15.095,0.535,50.71,1.86,0.0331,0.0285,0.0337
40.9,29.14,15.095,0.535,50.71,1.86,0.0331,0.0285,0.0337
40.9,29.17,15.095,0.535,50.71,1.86,0.0331,0.0285,0.0337
40.9,29.2,15.095,0.535,50.71,1.86,0.0331,0.0285,0.0337
40.9,29.23,15.095,0.535,50.71,1.86,0.0331,0.0285,0.0337
40.9,29.26,15.095,0.535,50.71,1.86,0.0331,0.0285,0.0337
40.9,29.29,15.095,0.535,50.71,1.86,0.0331,0.0285,0.0337
40.9,29.32,15.095,0.535,50.71,1.86,0.0331,0.0285,0.0337
40.9,29.35,15.095,0.535,50.71,1.86,0.0331,0.0285,0.0337
40.9,29.38,15.095,0.535,50.71,1.86,0.0331,0.0285,0.0337
40.9,29.41,15.095,0.535,50.71,1.86,0.0331,0.0285,0.0337
40.92,29.14,15.095,0.535,50.71,1.86,0.0331,0.0285,0.0337
40.92,29.17,15.095,0.535,50.71,1.86,0.0331,0.0285,0.0337
40.92,29.2,15.095,0.535,50.71,1.86,0.0331,0.0285,0.0337
40.92,29.23,15.095,0.535,50.71,1.86,0.0331,0.0285,0.0337
40.92,29.26,15.095,0.535,50.71,1.86,0.0331,0.0285,0.0337
40.92,29.29,15.095,0.535,50.71,1.86,0.0331,0.0285,0.0337
40.92,29.32,15.095,0.535,50.71,1.86,0.0331,0.0285,0.0337
40.92,29.35,15.095,0.535,50.71,1.86,0.0331,0.0285,0.0337
40.92,29.38,15.095,0.535,50.71,1.86,0.0331,0.0285,0.0337
40.92,29.41,15.095,0.535,50.71,1.86,0.0331,0.0285,0.0337
40.94,29.11,15.095,0.535,50.71,1.86,0.0331,0.0285,0.0337
40.94,29.14,15.095,0.535,50.71,1.86,0.0331,0.0285,0.0337
40.94,29.17,15.095,0.535,50.71,1.86,0.0331,0.0285,0.0337
40.94,29.2,15.095,0.535,50.71,1.86,0.0331,0.0285,0.0337
40.94,29.23,15.095,0.535,50.71,1.86,0.0331,0.0285,0.0337
40.94,29.26,15.095,0.535,50.71,1.86,0.0331,0.0285,0.0337
40.94,29.29,15.095,0.535,50.71,1.86,0.0331,0.0285,0.0337
40.94,29.32,15.095,0.535,50.71,1.86,0.0331,0.0285,0.0337
40.94,29.35,15.095,0.535,50.71,1.86,0.0331,0.0285,0.0337
40.94,29.38,15.095,0.535,50.71,1.86,0.0331,0.0285,0.0337
40.94,29.41,15.095,0.535,50.71,1.86,0.0331,0.0285,0.0337
40.96,28.63,15.375,0.5475,59.3,1.6425,0.0337,0.0333,0.0298
40.96,28.81,15.375,0.5475,59.3,1.6425,0.0337,0.0333,0.0298
40.96,28.84,15.375,0.5475,59.3,1.6425,0.0337,0.0333,0.0298
40.96,29.08,15.095,0.535,50.71,1.86,0.0331,0.0285,0.0337
40.96,29.11,15.095,0.535,50.71,1.86,0.0331,0.0285,0.0337
40.96,29.14,15.095,0.535,50.71,1.86,0.0331,0.0285,0.0337
40.96,29.17,15.095,0.535,50.71,1.86,0.0331,0.0285,0.0337
40.96,29.2,15.095,0.535,50.71,1.86,0.0331,0.0285,0.0337
40.96,29.23,15.095,0.535,50.71,1.86,0.0331,0.0285,0.0337
40.96,29.26,15.095,0.535,50.71,1.86,0.0331,0.0285,0.0337
40.96,29.29,15.095,0.535,50.71,1.86,0.0331,0.0285,0.0337
40.96,29.32,15.095,0.535,50.71,1.86,0.0331,0.0285,0.0337
40.96,29.35,15.095,0.535,50.71,1.86,0.0331,0.0285,0.0337
40.96,29.38,15.095,0.535,50.71,1.86,0.0331,0.0285,0.0337
40.96,29.41,15.095,0.535,50.71,1.86,0.0331,0.0285,0.0337
40.96,29.44,15.095,0.535,50.71,1.86,0.0331,0.0285,0.0337
40.96,29.47,15.095,0.535,50.71,1.86,0.0331,0.0285,0.0337
40.98,28.6,15.375,0.5475,59.3,1.6425,0.0337,0.0333,0.0298
40.98,28.63,15.375,0.5475,59.3,1.6425,0.0337,0.0333,0.0298
40.98,28.66,15.375,0.5475,59.3,1.6425,0.0337,0.0333,0.0298
40.98,28.69,15.375,0.5475,59.3,1.6425,0.0337,0.0333,0.0298
40.98,28.72,15.375,0.5475,59.3,1.6425,0.0337,0.0333,0.0298
40.98,28.75,15.375,0.5475,59.3,1.6425,0.0337,0.0333,0.0298
40.98,28.78,15.375,0.5475,59.3,1.6425,0.0337,0.0333,0.0298
40.98,28.81,15.375,0.5475,59.3,1.6425,0.0337,0.0333,0.0298
40.98,28.84,15.375,0.5475,59.3,1.6425,0.0337,0.0333,0.0298
40.98,28.87,15.375,0.5475,59.3,1.6425,0.0337,0.0333,0.0298
40.98,28.9,15.375,0.5475,59.3,1.6425,0.0337,0.0333,0.0298
40.98,29.02,15.095,0.535,50.71,1.6425,0.0331,0.0285,0.0298
40.98,29.05,15.095,0.535,50.71,1.6425,0.0331,0.0285,0.0298
40.98,29.08,15.095,0.535,50.71,1.86,0.0331,0.0285,0.0337
40.98,29.11,15.095,0.535,50.71,1.86,0.0331,0.0285,0.0337
40.98,29.14,15.095,0.535,50.71,1.86,0.0331,0.0285,0.0337
40.98,29.17,15.095,0.535,50.71,1.86,0.0331,0.0285,0.0337
40.98,29.2,15.095,0.535,50.71,1.86,0.0331,0.0285,0.0337
40.98,29.23,15.095,0.535,50.71,1.86,0.0331,0.0285,0.0337
40.98,29.26,15.095,0.535,50.71,1.86,0.0331,0.0285,0.0337
40.98,29.29,15.095,0.535,50.71,1.86,0.0331,0.0285,0.0337
40.98,29.32,15.095,0.535,50.71,1.86,0.0331,0.0285,0.0337
40.98,29.35,15.095,0.535,50.71,1.86,0.0331,0.0285,0.0337
40.98,29.38,15.095,0.535,50.71,1.86,0.0331,0.0285,0.0337
40.98,29.41,15.095,0.535,50.71,1.86,0.0331,0.0285,0.0337
40.98,29.44,15.095,0.535,50.71,1.86,0.0331,0.0285,0.0337
40.98,29.47,15.095,0.535,50.71,1.86,0.0331,0.0285,0.0337
40.98,29.62,15.095,0.535,50.71,1.86,0.0331,0.0285,0.0337
40.98,29.65,15.095,0.535,50.71,1.86,0.0331,0.0285,0.0337
40.98,29.68,15.095,0.535,50.71,1.86,0.0331,0.0285,0.0337
41.0,28.51,14.54,0.5225,54.92,1.6425,0.0319,0.0309,0.0298
41.0,28.54,14.54,0.5225,54.92,1.6425,0.0319,0.0309,0.0298
41.0,28.6,14.54,0.5225,54.92,1.6425,0.0319,0.0309,0.0298
41.0,28.63,14.54,0.5225,54.92,1.6425,0.0319,0.0309,0.0298
41.0,28.66,14.54,0.5225,54.92,1.6425,0.0319,0.0309,0.0298
41.0,28.69,14.54,0.5225,54.92,1.6425,0.0319,0.0309,0.0298
41.0,28.72,14.54,0.5225,54.92,1.6425,0.0319,0.0309,0.0298
41.0,28.75,14.54,0.5225,54.92,1.6425,0.0319,0.0309,0.0298
41.0,28.78,14.54,0.5225,54.92,1.6425,0.0319,0.0309,0.0298
41.0,28.81,14.54,0.5225,54.92,1.6425,0.0319,0.0309,0.0298
41.0,28.84,14.54,0.5225,54.92,1.6425,0.0319,0.0309,0.0298
41.0,28.87,14.54,0.5225,54.92,1.6425,0.0319,0.0309,0.0298
41.0,28.9,14.54,0.5225,54.92,1.6425,0.0319,0.0309,0.0298
41.0,28.93,14.54,0.5225,54.92,1.6425,0.0319,0.0309,0.0298
41.0,28.96,14.54,0.5225,54.92,1.6425,0.0319,0.0309,0.0298
41.0,29.02,14.62,0.5275,62.865,1.6425,0.0321,0.0353,0.0298
41.0,29.05,14.62,0.5275,62.865,1.6425,0.0321,0.0353,0.0298
41.0,29.08,14.62,0.5275,62.865,1.86,0.0321,0.0353,0.0337
41.0,29.11,14.62,0.5275,62.865,1.86,0.0321,0.0353,0.0337
41.0,29.14,14.62,0.5275,62.865,1.86,0.0321,0.0353,0.0337
41.0,29.17,14.62,0.5275,62.865,1.86,0.0321,0.0353,0.0337
41.0,29.2,14.62,0.5275,62.865,1.86,0.0321,0.0353,0.0337
41.0,29.23,14.62,0.5275,62.865,1.86,0.0321,0.0353,0.0337
41.0,29.26,14.62,0.5275,62.865,1.86,0.0321,0.0353,0.0337
41.0,29.29,14.62,0.5275,62.865,1.86,0.0321,0.0353,0.0337
41.0,29.32,14.62,0.5275,62.865,1.86,0.0321,0.0353,0.0337
41.0,29.35,14.62,0.5275,62.865,1.86,0.0321,0.0353,0.0337
41.0,29.38,14.62,0.5275,62.865,1.86,0.0321,0.0353,0.0337
41.0,29.41,14.62,0.5275,62.865,1.86,0.0321,0.0353,0.0337
41.0,29.44,14.62,0.5275,62.865,1.86,0.0321,0.0353,0.0337
41.0,29.47,14.62,0.5275,62.865,1.86,0.0321,0.0353,0.0337
41.0,29.5,14.62,0.5275,62.865,1.86,0.0321,0.0353,0.0337
41.0,29.62,14.62,0.5275,62.865,1.86,0.0321,0.0353,0.0337
41.0,29.65,14.62,0.5275,62.865,1.86,0.0321,0.0353,0.0337
41.0,29.68,14.62,0.5275,62.865,1.86,0.0321,0.0353,0.0337
41.0,29.71,14.62,0.5275,62.865,2.305,0.0321,0.0353,0.0418
41.02,28.48,14.54,0.5225,54.92,1.6425,0.0319,0.0309,0.0298
41.02,28.51,14.54,0.5225,54.92,1.6425,0.0319,0.0309,0.0298
41.02,28.54,14.54,0.5225,54.92,1.6425,0.0319,0.0309,0.0298
41.02,28.6,14.54,0.5225,54.92,1.6425,0.0319,0.0309,0.0298
41.02,28.63,14.54,0.5225,54.92,1.6425,0.0319,0.0309,0.0298
41.02,28.66,14.54,0.5225,54.92,1.6425,0.0319,0.0309,0.0298
41.02,28.69,14.54,0.5225,54.92,1.6425,0.0319,0.0309,0.0298
41.02,28.72,14.54,0.5225,54.92,1.6425,0.0319,0.0309,0.0298
41.02,28.75,14.54,0.5225,54.92,1.6425,0.0319,0.0309,0.0298
41.02,28.78,14.54,0.5225,54.92,1.6425,0.0319,0.0309,0.0298
41.02,28.81,14.54,0.5225,54.92,1.6425,0.0319,0.0309,0.0298
41.02,28.84,14.54,0.5225,54.92,1.6425,0.0319,0.0309,0.0298
41.02,28.87,14.54,0.5225,54.92,1.6425,0.0319,0.0309,0.0298
41.02,28.9,14.54,0.5225,54.92,1.6425,0.0319,0.0309,0.0298
41.02,28.93,14.54,0.5225,54.92,1.6425,0.0319,0.0309,0.0298
41.02,28.96,14.54,0.5225,54.92,1.6425,0.0319,0.0309,0.0298
41.02,29.02,14.62,0.5275,62.865,1.6425,0.0321,0.0353,0.0298
41.02,29.05,14.62,0.5275,62.865,1.6425,0.0321,0.0353,0.0298
41.02,29.08,14.62,0.5275,62.865,1.86,0.0321,0.0353,0.0337
41.02,29.11,14.62,0.5275,62.865,1.86,0.0321,0.0353,0.0337
41.02,29.14,14.62,0.5275,62.865,1.86,0.0321,0.0353,0.0337
41.02,29.17,14.62,0.5275,62.865,1.86,0.0321,0.0353,0.0337
41.02,29.2,14.62,0.5275,62.865,1.86,0.0321,0.0353,0.0337
41.02,29.23,14.62,0.5275,62.865,1.86,0.0321,0.0353,0.0337
41.02,29.26,14.62,0.5275,62.865,1.86,0.0321,0.0353,0.0337
41.02,29.29,14.62,0.5275,62.865,1.86,0.0321,0.0353,0.0337
41.02,29.32,14.62,0.5275,62.865,1.86,0.0321,0.0353,0.0337
41.02,29.35,14.62,0.5275,62.865,1.86,0.0321,0.0353,0.0337
41.02,29.38,14.62,0.5275,62.865,1.86,0.0321,0.0353,0.0337
41.02,29.41,14.62,0.5275,62.865,1.86,0.0321,0.0353,0.0337
41.02,29.44,14.62,0.5275,62.865,1.86,0.0321,0.0353,0.0337
41.02,29.47,14.62,0.5275,62.865,1.86,0.0321,0.0353,0.0337
41.02,29.5,14.62,0.5275,62.865,1.86,0.0321,0.0353,0.0337
41.02,29.62,14.62,0.5275,62.865,1.86,0.0321,0.0353,0.0337
41.02,29.65,14.62,0.5275,62.865,1.86,0.0321,0.0353,0.0337
41.02,29.68,14.62,0.5275,62.865,1.86,0.0321,0.0353,0.0337
41.02,29.83,14.62,0.5275,62.865,2.305,0.0321,0.0353,0.0418
41.04,28.03,14.54,0.5225,54.92,1.66,0.0319,0.0309,0.0301
41.04,28.42,14.54,0.5225,54.92,1.66,0.0319,0.0309,0.0301
41.04,28.45,14.54,0.5225,54.92,1.6425,0.0319,0.0309,0.0298
41.04,28.48,14.54,0.5225,54.92,1.6425,0.0319,0.0309,0.0298
41.04,28.51,14.54,0.5225,54.92,1.6425,0.0319,0.0309,0.0298
41.04,28.54,14.54,0.5225,54.92,1.6425,0.0319,0.0309,0.0298
41.04,28.6,14.54,0.5225,54.92,1.6425,0.0319,0.0309,0.0298
41.04,28.63,14.54,0.5225,54.92,1.6425,0.0319,0.0309,0.0298
41.04,28.66,14.54,0.5225,54.92,1.6425,0.0319,0.0309,0.0298
41.04,28.69,14.54,0.5225,54.92,1.6425,0.0319,0.0309,0.0298
41.04,28.72,14.54,0.5225,54.92,1.6425,0.0319,0.0309,0.0298
41.04,28.75,14.54,0.5225,54.92,1.6425,0.0319,0.0309,0.0298
41.04,28.78,14.54,0.5225,54.92,1.6425,0.0319,0.0309,0.0298
41.04,28.81,14.54,0.5225,54.92,1.6425,0.0319,0.0309,0.0298
41.04,28.84,14.54,0.5225,54.92,1.6425,0.0319,0.0309,0.0298
41.04,28.87,14.54,0.5225,54.92,1.6425,0.0319,0.0309,0.0298
41.04,28.9,14.54,0.5225,54.92,1.6425,0.0319,0.0309,0.0298
41.04,28.93,14.54,0.5225,54.92,1.6425,0.0319,0.0309,0.0298
41.04,28.96,14.54,0.5225,54.92,1.6425,0.0319,0.0309,0.0298
41.04,28.99,14.54,0.5225,54.92,1.6425,0.0319,0.0309,0.0298
41.04,29.05,14.62,0.5275,62.865,1.6425,0.0321,0.0353,0.0298
41.04,29.08,14.62,0.5275,62.865,1.86,0.0321,0.0353,0.0337
41.04,29.11,14.62,0.5275,62.865,1.86,0.0321,0.0353,0.0337
41.04,29.14,14.62,0.5275,62.865,1.86,0.0321,0.0353,0.0337
41.04,29.17,14.62,0.5275,62.865,1.86,0.0321,0.0353,0.0337
41.04,29.2,14.62,0.5275,62.865,1.86,0.0321,0.0353,0.0337
41.04,29.23,14.62,0.5275,62.865,1.86,0.0321,0.0353,0.0337
41.04,29.26,14.62,0.5275,62.865,1.86,0.0321,0.0353,0.0337
41.04,29.29,14.62,0.5275,62.865,1.86,0.0321,0.0353,0.0337
41.04,29.32,14.62,0.5275,62.865,1.86,0.0321,0.0353,0.0337
41.04,29.35,14.62,0.5275,62.865,1.86,0.0321,0.0353,0.0337
41.04,29.38,14.62,0.5275,62.865,1.86,0.0321,0.0353,0.0337
41.04,29.41,14.62,0.5275,62.865,1.86,0.0321,0.0353,0.0337
41.04,29.44,14.62,0.5275,62.865,1.86,0.0321,0.0353,0.0337
41.04,29.47,14.62,0.5275,62.865,1.86,0.0321,0.0353,0.0337
41.04,29.5,14.62,0.5275,62.865,1.86,0.0321,0.0353,0.0337
41.04,29.53,14.62,0.5275,62.865,1.86,0.0321,0.0353,0.0337
41.04,29.56,14.62,0.5275,62.865,1.86,0.0321,0.0353,0.0337
41.04,29.59,14.62,0.5275,62.865,1.86,0.0321,0.0353,0.0337
41.04,29.62,14.62,0.5275,62.865,1.86,0.0321,0.0353,0.0337
41.04,29.65,14.62,0.5275,62.865,1.86,0.0321,0.0353,0.0337
41.04,29.68,14.62,0.5275,62.865,1.86,0.0321,0.0353,0.0337
41.04,29.71,14.62,0.5275,62.865,2.305,0.0321,0.0353,0.0418
41.04,29.74,14.62,0.5275,62.865,2.305,0.0321,0.0353,0.0418
41.04,29.77,14.62,0.5275,62.865,2.305,0.0321,0.0353,0.0418
41.04,29.8,14.62,0.5275,62.865,2.305,0.0321,0.0353,0.0418
41.04,29.83,14.62,0.5275,62.865,2.305,0.0321,0.0353,0.0418
41.04,29.86,14.62,0.5275,62.865,2.305,0.0321,0.0353,0.0418
41.06,28.0,14.54,0.5225,54.92,1.66,0.0319,0.0309,0.0301
41.06,28.03,14.54,0.5225,54.92,1.66,0.0319,0.0309,0.0301
41.06,28.06,14.54,0.5225,54.92,1.66,0.0319,0.0309,0.0301
41.06,28.09,14.54,0.5225,54.92,1.66,0.0319,0.0309,0.0301
41.06,28.12,14.54,0.5225,54.92,1.66,0.0319,0.0309,0.0301
41.06,28.3,14.54,0.5225,54.92,1.66,0.0319,0.0309,0.0301
41.06,28.33,14.54,0.5225,54.92,1.66,0.0319,0.0309,0.0301
41.06,28.36,14.54,0.5225,54.92,1.66,0.0319,0.0309,0.0301
41.06,28.39,14.54,0.5225,54.92,1.66,0.0319,0.0309,0.0301
41.06,28.42,14.54,0.5225,54.92,1.66,0.0319,0.0309,0.0301
41.06,28.45,14.54,0.5225,54.92,1.6425,0.0319,0.0309,0.0298
41.06,28.48,14.54,0.5225,54.92,1.6425,0.0319,0.0309,0.0298
41.06,28.51,14.54,0.5225,54.92,1.6425,0.0319,0.0309,0.0298
41.06,28.54,14.54,0.5225,54.92,1.6425,0.0319,0.0309,0.0298
41.06,28.57,14.54,0.5225,54.92,1.6425,0.0319,0.0309,0.0298
41.06,28.6,14.54,0.5225,54.92,1.6425,0.0319,0.0309,0.0298
41.06,28.63,14.54,0.5225,54.92,1.6425,0.0319,0.0309,0.0298
41.06,28.66,14.54,0.5225,54.92,1.6425,0.0319,0.0309,0.0298
41.06,28.69,14.54,0.5225,54.92,1.6425,0.0319,0.0309,0.0298
41.06,28.72,14.54,0.5225,54.92,1.6425,0.0319,0.0309,0.0298
41.06,28.75,14.54,0.5225,54.92,1.6425,0.0319,0.0309,0.0298
41.06,28.78,14.54,0.5225,54.92,1.6425,0.0319,0.0309,0.0298
41.06,28.81,14.54,0.5225,54.92,1.6425,0.0319,0.0309,0.0298
41.06,28.84,14.54,0.5225,54.92,1.6425,0.0319,0.0309,0.0298
41.06,28.87,14.54,0.5225,54.92,1.6425,0.0319,0.0309,0.0298
41.06,28.9,14.54,0.5225,54.92,1.6425,0.0319,0.0309,0.0298
41.06,28.93,14.54,0.5225,54.92,1.6425,0.0319,0.0309,0.0298
41.06,28.96,14.54,0.5225,54.92,1.6425,0.0319,0.0309,0.0298
41.06,28.99,14.54,0.5225,54.92,1.6425,0.0319,0.0309,0.0298
41.06,29.02,14.62,0.5275,62.865,1.6425,0.0321,0.0353,0.0298
41.06,29.08,14.62,0.5275,62.865,1.86,0.0321,0.0353,0.0337
41.06,29.11,14.62,0.5275,62.865,1.86,0.0321,0.0353,0.0337
41.06,29.14,14.62,0.5275,62.865,1.86,0.0321,0.0353,0.0337
41.06,29.17,14.62,0.5275,62.865,1.86,0.0321,0.0353,0.0337
41.06,29.2,14.62,0.5275,62.865,1.86,0.0321,0.0353,0.0337
41.06,29.23,14.62,0.5275,62.865,1.86,0.0321,0.0353,0.0337
41.06,29.26,14.62,0.5275,62.865,1.86,0.0321,0.0353,0.0337
41.06,29.29,14.62,0.5275,62.865,1.86,0.0321,0.0353,0.0337
41.06,29.32,14.62,0.5275,62.865,1.86,0.0321,0.0353,0.0337
41.06,29.35,14.62,0.5275,62.865,1.86,0.0321,0.0353,0.0337
41.06,29.38,14.62,0.5275,62.865,1.86,0.0321,0.0353,0.0337
41.06,29.41,14.62,0.5275,62.865,1.86,0.0321,0.0353,0.0337
41.06,29.44,14.62,0.5275,62.865,1.86,0.0321,0.0353,0.0337
41.06,29.47,14.62,0.5275,62.865,1.86,0.0321,0.0353,0.0337
41.06,29.5,14.62,0.5275,62.865,1.86,0.0321,0.0353,0.0337
41.06,29.53,14.62,0.5275,62.865,1.86,0.0321,0.0353,0.0337
41.06,29.56,14.62,0.5275,62.865,1.86,0.0321,0.0353,0.0337
41.06,29.59,14.62,0.5275,62.865,1.86,0.0321,0.0353,0.0337
41.06,29.62,14.62,0.5275,62.865,1.86,0.0321,0.0353,0.0337
41.06,29.65,14.62,0.5275,62.865,1.86,0.0321,0.0353,0.0337
41.06,29.68,14.62,0.5275,62.865,1.86,0.0321,0.0353,0.0337
41.06,29.71,14.62,0.5275,62.865,2.305,0.0321,0.0353,0.0418
41.06,29.74,14.62,0.5275,62.865,2.305,0.0321,0.0353,0.0418
41.06,29.77,14.62,0.5275,62.865,2.305,0.0321,0.0353,0.0418
41.06,29.8,14.62,0.5275,62.865,2.305,0.0321,0.0353,0.0418
41.06,29.83,14.62,0.5275,62.865,2.305,0.0321,0.0353,0.0418
41.06,29.86,14.62,0.5275,62.865,2.305,0.0321,0.0353,0.0418
41.08,28.0,14.54,0.5225,54.92,1.66,0.0319,0.0309,0.0301
41.08,28.03,14.54,0.5225,54.92,1.66,0.0319,0.0309,0.0301
41.08,28.06,14.54,0.5225,54.92,1.66,0.0319,0.0309,0.0301
41.08,28.09,14.54,0.5225,54.92,1.66,0.0319,0.0309,0.0301
41.08,28.12,14.54,0.5225,54.92,1.66,0.0319,0.0309,0.0301
41.08,28.15,14.54,0.5225,54.92,1.66,0.0319,0.0309,0.0301
41.08,28.18,14.54,0.5225,54.92,1.66,0.0319,0.0309,0.0301
41.08,28.21,14.54,0.5225,54.92,1.66,0.0319,0.0309,0.0301
41.08,28.24,14.54,0.5225,54.92,1.66,0.0319,0.0309,0.0301
41.08,28.27,14.54,0.5225,54.92,1.66,0.0319,0.0309,0.0301
41.08,28.3,14.54,0.5225,54.92,1.66,0.0319,0.0309,0.0301
41.08,28.33,14.54,0.5225,54.92,1.66,0.0319,0.0309,0.0301
41.08,28.36,14.54,0.5225,54.92,1.66,0.0319,0.0309,0.0301
41.08,28.39,14.54,0.5225,54.92,1.66,0.0319,0.0309,0.0301
41.08,28.42,14.54,0.5225,54.92,1.66,0.0319,0.0309,0.0301
41.08,28.45,14.54,0.5225,54.92,1.6425,0.0319,0.0309,0.0298
41.08,28.48,14.54,0.5225,54.92,1.6425,0.0319,0.0309,0.0298
41.08,28.51,14.54,0.5225,54.92,1.6425,0.0319,0.0309,0.0298
41.08,28.54,14.54,0.5225,54.92,1.6425,0.0319,0.0309,0.0298
41.08,28.57,14.54,0.5225,54.92,1.6425,0.0319,0.0309,0.0298
41.08,28.6,14.54,0.5225,54.92,1.6425,0.0319,0.0309,0.0298
41.08,28.63,14.54,0.5225,54.92,1.6425,0.0319,0.0309,0.0298
41.08,28.66,14.54,0.5225,54.92,1.6425,0.0319,0.0309,0.0298
41.08,28.69,14.54,0.5225,54.92,1.6425,0.0319,0.0309,0.0298
41.08,28.72,14.54,0.5225,54.92,1.6425,0.0319,0.0309,0.0298
41.08,28.75,14.54,0.5225,54.92,1.6425,0.0319,0.0309,0.0298
41.08,28.78,14.54,0.5225,54.92,1.6425,0.0319,0.0309,0.0298
41.08,28.81,14.54,0.5225,54.92,1.6425,0.0319,0.0309,0.0298
41.08,28.84,14.54,0.5225,54.92,1.6425,0.0319,0.0309,0.0298
41.08,28.87,14.54,0.5225,54.92,1.6425,0.0319,0.0309,0.0298
41.08,28.9,14.54,0.5225,54.92,1.6425,0.0319,0.0309,0.0298
41.08,28.93,14.54,0.5225,54.92,1.6425,0.0319,0.0309,0.0298
41.08,28.96,14.54,0.5225,54.92,1.6425,0.0319,0.0309,0.0298
41.08,28.99,14.54,0.5225,54.92,1.6425,0.0319,0.0309,0.0298
41.08,29.02,14.62,0.5275,62.865,1.6425,0.0321,0.0353,0.0298
41.08,29.05,14.62,0.5275,62.865,1.6425,0.0321,0.0353,0.0298
41.08,29.08,14.62,0.5275,62.865,1.86,0.0321,0.0353,0.0337
41.08,29.11,14.62,0.5275,62.865,1.86,0.0321,0.0353,0.0337
41.08,29.14,14.62,0.5275,62.865,1.86,0.0321,0.0353,0.0337
41.08,29.17,14.62,0.5275,62.865,1.86,0.0321,0.0353,0.0337
41.08,29.2,14.62,0.5275,62.865,1.86,0.0321,0.0353,0.0337
41.08,29.23,14.62,0.5275,62.865,1.86,0.0321,0.0353,0.0337
41.08,29.26,14.62,0.5275,62.865,1.86,0.0321,0.0353,0.0337
41.08,29.29,14.62,0.5275,62.865,1.86,0.0321,0.0353,0.0337
41.08,29.32,14.62,0.5275,62.865,1.86,0.0321,0.0353,0.0337
41.08,29.35,14.62,0.5275,62.865,1.86,0.0321,0.0353,0.0337
41.08,29.38,14.62,0.5275,62.865,1.86,0.0321,0.0353,0.0337
41.08,29.41,14.62,0.5275,62.865,1.86,0.0321,0.0353,0.0337
41.08,29.44,14.62,0.5275,62.865,1.86,0.0321,0.0353,0.0337
41.08,29.47,14.62,0.5275,62.865,1.86,0.0321,0.0353,0.0337
41.08,29.5,14.62,0.5275,62.865,1.86,0.0321,0.0353,0.0337
41.08,29.53,14.62,0.5275,62.865,1.86,0.0321,0.0353,0.0337
41.08,29.56,14.62,0.5275,62.865,1.86,0.0321,0.0353,0.0337
41.08,29.59,14.62,0.5275,62.865,1.86,0.0321,0.0353,0.0337
41.08,29.62,14.62,0.5275,62.865,1.86,0.0321,0.0353,0.0337
41.08,29.65,14.62,0.5275,62.865,1.86,0.0321,0.0353,0.0337
41.08,29.68,14.62,0.5275,62.865,1.86,0.0321,0.0353,0.0337
41.08,29.71,14.62,0.5275,62.865,2.305,0.0321,0.0353,0.0418
41.08,29.74,14.62,0.5275,62.865,2.305,0.0321,0.0353,0.0418
41.08,29.77,14.62,0.5275,62.865,2.305,0.0321,0.0353,0.0418
41.08,29.8,14.62,0.5275,62.865,2.305,0.0321,0.0353,0.0418
41.08,29.83,14.62,0.5275,62.865,2.305,0.0321,0.0353,0.0418
41.08,29.86,14.62,0.5275,62.865,2.305,0.0321,0.0353,0.0418
41.08,29.89,14.62,0.5275,62.865,2.305,0.0321,0.0353,0.0418
41.1,28.0,14.54,0.5225,54.92,1.66,0.0319,0.0309,0.0301
41.1,28.03,14.54,0.5225,54.92,1.66,0.0319,0.0309,0.0301
41.1,28.06,14.54,0.5225,54.92,1.66,0.0319,0.0309,0.0301
41.1,28.09,14.54,0.5225,54.92,1.66,0.0319,0.0309,0.0301
41.1,28.12,14.54,0.5225,54.92,1.66,0.0319,0.0309,0.0301
41.1,28.15,14.54,0.5225,54.92,1.66,0.0319,0.0309,0.0301
41.1,28.18,14.54,0.5225,54.92,1.66,0.0319,0.0309,0.0301
41.1,28.21,14.54,0.5225,54.92,1.66,0.0319,0.0309,0.0301
41.1,28.24,14.54,0.5225,54.92,1.66,0.0319,0.0309,0.0301
41.1,28.27,14.54,0.5225,54.92,1.66,0.0319,0.0309,0.0301
41.1,28.3,14.54,0.5225,54.92,1.66,0.0319,0.0309,0.0301
41.1,28.33,14.54,0.5225,54.92,1.66,0.0319,0.0309,0.0301
41.1,28.36,14.54,0.5225,54.92,1.66,0.0319,0.0309,0.0301
41.1,28.39,14.54,0.5225,54.92,1.66,0.0319,0.0309,0.0301
41.1,28.42,14.54,0.5225,54.92,1.66,0.0319,0.0309,0.0301
41.1,28.45,14.54,0.5225,54.92,1.6425,0.0319,0.0309,0.0298
41.1,28.48,14.54,0.5225,54.92,1.6425,0.0319,0.0309,0.0298
41.1,28.51,14.54,0.5225,54.92,1.6425,0.0319,0.0309,0.0298
41.1,28.54,14.54,0.5225,54.92,1.6425,0.0319,0.0309,0.0298
41.1,28.57,14.54,0.5225,54.92,1.6425,0.0319,0.0309,0.0298
41.1,28.6,14.54,0.5225,54.92,1.6425,0.0319,0.0309,0.0298
41.1,28.63,14.54,0.5225,54.92,1.6425,0.0319,0.0309,0.0298
41.1,28.66,14.54,0.5225,54.92,1.6425,0.0319,0.0309,0.0298
41.1,28.69,14.54,0.5225,54.92,1.6425,0.0319,0.0309,0.0298
41.1,28.72,14.54,0.5225,54.92,1.6425,0.0319,0.0309,0.0298
41.1,28.75,14.54,0.5225,54.92,1.6425,0.0319,0.0309,0.0298
41.1,28.78,14.54,0.5225,54.92,1.6425,0.0319,0.0309,0.0298
41.1,28.81,14.54,0.5225,54.92,1.6425,0.0319,0.0309,0.0298
41.1,28.84,14.54,0.5225,54.92,1.6425,0.0319,0.0309,0.0298
41.1,28.87,14.54,0.5225,54.92,1.6425,0.0319,0.0309,0.0298
41.1,28.9,14.54,0.5225,54.92,1.6425,0.0319,0.0309,0.0298
41.1,28.93,14.54,0.5225,54.92,1.6425,0.0319,0.0309,0.0298
41.1,28.96,14.54,0.5225,54.92,1.6425,0.0319,0.0309,0.0298
41.1,28.99,14.54,0.5225,54.92,1.6425,0.0319,0.0309,0.0298
41.1,29.02,14.62,0.5275,62.865,1.6425,0.0321,0.0353,0.0298
41.1,29.05,14.62,0.5275,62.865,1.6425,0.0321,0.0353,0.0298
41.1,29.08,14.62,0.5275,62.865,1.86,0.0321,0.0353,0.0337
41.1,29.11,14.62,0.5275,62.865,1.86,0.0321,0.0353,0.0337
41.1,29.14,14.62,0.5275,62.865,1.86,0.0321,0.0353,0.0337
41.1,29.17,14.62,0.5275,62.865,1.86,0.0321,0.0353,0.0337
41.1,29.2,14.62,0.5275,62.865,1.86,0.0321,0.0353,0.0337
41.1,29.23,14.62,0.5275,62.865,1.86,0.0321,0.0353,0.0337
41.1,29.26,14.62,0.5275,62.865,1.86,0.0321,0.0353,0.0337
41.1,29.29,14.62,0.5275,62.865,1.86,0.0321,0.0353,0.0337
41.1,29.32,14.62,0.5275,62.865,1.86,0.0321,0.0353,0.0337
41.1,29.35,14.62,0.5275,62.865,1.86,0.0321,0.0353,0.0337
41.1,29.38,14.62,0.5275,62.865,1.86,0.0321,0.0353,0.0337
41.1,29.41,14.62,0.5275,62.865,1.86,0.0321,0.0353,0.0337
41.1,29.44,14.62,0.5275,62.865,1.86,0.0321,0.0353,0.0337
41.1,29.47,14.62,0.5275,62.865,1.86,0.0321,0.0353,0.0337
41.1,29.5,14.62,0.5275,62.865,1.86,0.0321,0.0353,0.0337
41.1,29.53,14.62,0.5275,62.865,1.86,0.0321,0.0353,0.0337
41.1,29.56,14.62,0.5275,62.865,1.86,0.0321,0.0353,0.0337
41.1,29.59,14.62,0.5275,62.865,1.86,0.0321,0.0353,0.0337
41.1,29.62,14.62,0.5275,62.865,1.86,0.0321,0.0353,0.0337
41.1,29.65,14.62,0.5275,62.865,1.86,0.0321,0.0353,0.0337
41.1,29.68,14.62,0.5275,62.865,1.86,0.0321,0.0353,0.0337
41.1,29.71,14.62,0.5275,62.865,2.305,0.0321,0.0353,0.0418
41.1,29.74,14.62,0.5275,62.865,2.305,0.0321,0.0353,0.0418
41.1,29.77,14.62,0.5275,62.865,2.305,0.0321,0.0353,0.0418
41.1,29.8,14.62,0.5275,62.865,2.305,0.0321,0.0353,0.0418
41.1,29.83,14.62,0.5275,62.865,2.305,0.0321,0.0353,0.0418
41.1,29.86,14.62,0.5275,62.865,2.305,0.0321,0.0353,0.0418
41.1,29.89,14.62,0.5275,62.865,2.305,0.0321,0.0353,0.0418
41.12,28.0,14.54,0.5225,54.92,1.66,0.0319,0.0309,0.0301
41.12,28.03,14.54,0.5225,54.92,1.66,0.0319,0.0309,0.0301
41.12,28.06,14.54,0.5225,54.92,1.66,0.0319,0.0309,0.0301
41.12,28.09,14.54,0.5225,54.92,1.66,0.0319,0.0309,0.0301
41.12,28.12,14.54,0.5225,54.92,1.66,0.0319,0.0309,0.0301
41.12,28.15,14.54,0.5225,54.92,1.66,0.0319,0.0309,0.0301
41.12,28.18,14.54,0.5225,54.92,1.66,0.0319,0.0309,0.0301
41.12,28.21,14.54,0.5225,54.92,1.66,0.0319,0.0309,0.0301
41.12,28.24,14.54,0.5225,54.92,1.66,0.0319,0.0309,0.0301
41.12,28.27,14.54,0.5225,54.92,1.66,0.0319,0.0309,0.0301
41.12,28.3,14.54,0.5225,54.92,1.66,0.0319,0.0309,0.0301
41.12,28.33,14.54,0.5225,54.92,1.66,0.0319,0.0309,0.0301
41.12,28.36,14.54,0.5225,54.92,1.66,0.0319,0.0309,0.0301
41.12,28.39,14.54,0.5225,54.92,1.66,0.0319,0.0309,0.0301
41.12,28.42,14.54,0.5225,54.92,1.66,0.0319,0.0309,0.0301
41.12,28.45,14.54,0.5225,54.92,1.6425,0.0319,0.0309,0.0298
41.12,28.48,14.54,0.5225,54.92,1.6425,0.0319,0.0309,0.0298
41.12,28.51,14.54,0.5225,54.92,1.6425,0.0319,0.0309,0.0298
41.12,28.54,14.54,0.5225,54.92,1.6425,0.0319,0.0309,0.0298
41.12,28.57,14.54,0.5225,54.92,1.6425,0.0319,0.0309,0.0298
41.12,28.6,14.54,0.5225,54.92,1.6425,0.0319,0.0309,0.0298
41.12,28.63,14.54,0.5225,54.92,1.6425,0.0319,0.0309,0.0298
41.12,28.66,14.54,0.5225,54.92,1.6425,0.0319,0.0309,0.0298
41.12,28.69,14.54,0.5225,54.92,1.6425,0.0319,0.0309,0.0298
41.12,28.72,14.54,0.5225,54.92,1.6425,0.0319,0.0309,0.0298
41.12,28.75,14.54,0.5225,54.92,1.6425,0.0319,0.0309,0.0298
41.12,28.78,14.54,0.5225,54.92,1.6425,0.0319,0.0309,0.0298
41.12,28.81,14.54,0.5225,54.92,1.6425,0.0319,0.0309,0.0298
41.12,28.84,14.54,0.5225,54.92,1.6425,0.0319,0.0309,0.0298
41.12,28.87,14.54,0.5225,54.92,1.6425,0.0319,0.0309,0.0298
41.12,28.9,14.54,0.5225,54.92,1.6425,0.0319,0.0309,0.0298
41.12,28.93,14.54,0.5225,54.92,1.6425,0.0319,0.0309,0.0298
41.12,28.96,14.54,0.5225,54.92,1.6425,0.0319,0.0309,0.0298
41.12,28.99,14.54,0.5225,54.92,1.6425,0.0319,0.0309,0.0298
41.12,29.02,14.62,0.5275,62.865,1.6425,0.0321,0.0353,0.0298
41.12,29.05,14.62,0.5275,62.865,1.6425,0.0321,0.0353,0.0298
41.12,29.11,14.62,0.5275,62.865,1.86,0.0321,0.0353,0.0337
41.12,29.14,14.62,0.5275,62.865,1.86,0.0321,0.0353,0.0337
41.12,29.17,14.62,0.5275,62.865,1.86,0.0321,0.0353,0.0337
41.12,29.2,14.62,0.5275,62.865,1.86,0.0321,0.0353,0.0337
41.12,29.23,14.62,0.5275,62.865,1.86,0.0321,0.0353,0.0337
41.12,29.26,14.62,0.5275,62.865,1.86,0.0321,0.0353,0.0337
41.12,29.29,14.62,0.5275,62.865,1.86,0.0321,0.0353,0.0337
41.12,29.32,14.62,0.5275,62.865,1.86,0.0321,0.0353,0.0337
41.12,29.35,14.62,0.5275,62.865,1.86,0.0321,0.0353,0.0337
41.12,29.38,14.62,0.5275,62.865,1.86,0.0321,0.0353,0.0337
41.12,29.41,14.62,0.5275,62.865,1.86,0.0321,0.0353,0.0337
41.12,29.44,14.62,0.5275,62.865,1.86,0.0321,0.0353,0.0337
41.12,29.47,14.62,0.5275,62.865,1.86,0.0321,0.0353,0.0337
41.12,29.5,14.62,0.5275,62.865,1.86,0.0321,0.0353,0.0337
41.12,29.53,14.62,0.5275,62.865,1.86,0.0321,0.0353,0.0337
41.12,29.56,14.62,0.5275,62.865,1.86,0.0321,0.0353,0.0337
41.12,29.59,14.62,0.5275,62.865,1.86,0.0321,0.0353,0.0337
41.12,29.62,14.62,0.5275,62.865,1.86,0.0321,0.0353,0.0337
41.12,29.65,14.62,0.5275,62.865,1.86,0.0321,0.0353,0.0337
41.12,29.68,14.62,0.5275,62.865,1.86,0.0321,0.0353,0.0337
41.12,29.71,14.62,0.5275,62.865,2.305,0.0321,0.0353,0.0418
41.12,29.74,14.62,0.5275,62.865,2.305,0.0321,0.0353,0.0418
41.12,29.77,14.62,0.5275,62.865,2.305,0.0321,0.0353,0.0418
41.12,29.8,14.62,0.5275,62.865,2.305,0.0321,0.0353,0.0418
41.12,29.83,14.62,0.5275,62.865,2.305,0.0321,0.0353,0.0418
41.12,29.86,14.62,0.5275,62.865,2.305,0.0321,0.0353,0.0418
41.12,29.89,14.62,0.5275,62.865,2.305,0.0321,0.0353,0.0418
41.14,28.0,14.54,0.5225,54.92,1.66,0.0319,0.0309,0.0301
41.14,28.03,14.54,0.5225,54.92,1.66,0.0319,0.0309,0.0301
41.14,28.06,14.54,0.5225,54.92,1.66,0.0319,0.0309,0.0301
41.14,28.09,14.54,0.5225,54.92,1.66,0.0319,0.0309,0.0301
41.14,28.12,14.54,0.5225,54.92,1.66,0.0319,0.0309,0.0301
41.14,28.15,14.54,0.5225,54.92,1.66,0.0319,0.0309,0.0301
41.14,28.18,14.54,0.5225,54.92,1.66,0.0319,0.0309,0.0301
41.14,28.21,14.54,0.5225,54.92,1.66,0.0319,0.0309,0.0301
41.14,28.24,14.54,0.5225,54.92,1.66,0.0319,0.0309,0.0301
41.14,28.27,14.54,0.5225,54.92,1.66,0.0319,0.0309,0.0301
41.14,28.3,14.54,0.5225,54.92,1.66,0.0319,0.0309,0.0301
41.14,28.33,14.54,0.5225,54.92,1.66,0.0319,0.0309,0.0301
41.14,28.36,14.54,0.5225,54.92,1.66,0.0319,0.0309,0.0301
41.14,28.39,14.54,0.5225,54.92,1.66,0.0319,0.0309,0.0301
41.14,28.42,14.54,0.5225,54.92,1.66,0.0319,0.0309,0.0301
41.14,28.45,14.54,0.5225,54.92,1.6425,0.0319,0.0309,0.0298
41.14,28.48,14.54,0.5225,54.92,1.6425,0.0319,0.0309,0.0298
41.14,28.51,14.54,0.5225,54.92,1.6425,0.0319,0.0309,0.0298
41.14,28.54,14.54,0.5225,54.92,1.6425,0.0319,0.0309,0.0298
41.14,28.57,14.54,0.5225,54.92,1.6425,0.0319,0.0309,0.0298
41.14,28.6,14.54,0.5225,54.92,1.6425,0.0319,0.0309,0.0298
41.14,28.63,14.54,0.5225,54.92,1.6425,0.0319,0.0309,0.0298
41.14,28.66,14.54,0.5225,54.92,1.6425,0.0319,0.0309,0.0298
41.14,28.69,14.54,0.5225,54.92,1.6425,0.0319,0.0309,0.0298
41.14,28.72,14.54,0.5225,54.92,1.6425,0.0319,0.0309,0.0298
41.14,28.75,14.54,0.5225,54.92,1.6425,0.0319,0.0309,0.0298
41.14,28.78,14.54,0.5225,54.92,1.6425,0.0319,0.0309,0.0298
41.14,28.81,14.54,0.5225,54.92,1.6425,0.0319,0.0309,0.0298
41.14,28.84,14.54,0.5225,54.92,1.6425,0.0319,0.0309,0.0298
41.14,28.87,14.54,0.5225,54.92,1.6425,0.0319,0.0309,0.0298
41.14,28.9,14.54,0.5225,54.92,1.6425,0.0319,0.0309,0.0298
41.14,28.93,14.54,0.5225,54.92,1.6425,0.0319,0.0309,0.0298
41.14,28.96,14.54,0.5225,54.92,1.6425,0.0319,0.0309,0.0298
41.14,28.99,14.54,0.5225,54.92,1.6425,0.0319,0.0309,0.0298
41.14,29.02,14.62,0.5275,62.865,1.6425,0.0321,0.0353,0.0298
41.14,29.05,14.62,0.5275,62.865,1.6425,0.0321,0.0353,0.0298
41.14,29.08,14.62,0.5275,62.865,1.86,0.0321,0.0353,0.0337
41.14,29.11,14.62,0.5275,62.865,1.86,0.0321,0.0353,0.0337
41.14,29.14,14.62,0.5275,62.865,1.86,0.0321,0.0353,0.0337
41.14,29.17,14.62,0.5275,62.865,1.86,0.0321,0.0353,0.0337
41.14,29.2,14.62,0.5275,62.865,1.86,0.0321,0.0353,0.0337
41.14,29.23,14.62,0.5275,62.865,1.86,0.0321,0.0353,0.0337
41.14,29.26,14.62,0.5275,62.865,1.86,0.0321,0.0353,0.0337
41.14,29.29,14.62,0.5275,62.865,1.86,0.0321,0.0353,0.0337
41.14,29.32,14.62,0.5275,62.865,1.86,0.0321,0.0353,0.0337
41.14,29.35,14.62,0.5275,62.865,1.86,0.0321,0.0353,0.0337
41.14,29.38,14.62,0.5275,62.865,1.86,0.0321,0.0353,0.0337
41.14,29.41,14.62,0.5275,62.865,1.86,0.0321,0.0353,0.0337
41.14,29.44,14.62,0.5275,62.865,1.86,0.0321,0.0353,0.0337
41.14,29.47,14.62,0.5275,62.865,1.86,0.0321,0.0353,0.0337
41.14,29.5,14.62,0.5275,62.865,1.86,0.0321,0.0353,0.0337
41.14,29.53,14.62,0.5275,62.865,1.86,0.0321,0.0353,0.0337
41.14,29.56,14.62,0.5275,62.865,1.86,0.0321,0.0353,0.0337
41.14,29.59,14.62,0.5275,62.865,1.86,0.0321,0.0353,0.0337
41.14,29.62,14.62,0.5275,62.865,1.86,0.0321,0.0353,0.0337
41.14,29.65,14.62,0.5275,62.865,1.86,0.0321,0.0353,0.0337
41.14,29.68,14.62,0.5275,62.865,1.86,0.0321,0.0353,0.0337
41.14,29.71,14.62,0.5275,62.865,2.305,0.0321,0.0353,0.0418
41.14,29.74,14.62,0.5275,62.865,2.305,0.0321,0.0353,0.0418
41.14,29.77,14.62,0.5275,62.865,2.305,0.0321,0.0353,0.0418
41.14,29.8,14.62,0.5275,62.865,2.305,0.0321,0.0353,0.0418
41.14,29.86,14.62,0.5275,62.865,2.305,0.0321,0.0353,0.0418
41.14,29.89,14.62,0.5275,62.865,2.305,0.0321,0.0353,0.0418
41.16,28.0,14.54,0.5225,54.92,1.66,0.0319,0.0309,0.0301
41.16,28.03,14.54,0.5225,54.92,1.66,0.0319,0.0309,0.0301
41.16,28.06,14.54,0.5225,54.92,1.66,0.0319,0.0309,0.0301
41.16,28.09,14.54,0.5225,54.92,1.66,0.0319,0.0309,0.0301
41.16,28.12,14.54,0.5225,54.92,1.66,0.0319,0.0309,0.0301
41.16,28.15,14.54,0.5225,54.92,1.66,0.0319,0.0309,0.0301
41.16,28.18,14.54,0.5225,54.92,1.66,0.0319,0.0309,0.0301
41.16,28.21,14.54,0.5225,54.92,1.66,0.0319,0.0309,0.0301
41.16,28.24,14.54,0.5225,54.92,1.66,0.0319,0.0309,0.0301
41.16,28.27,14.54,0.5225,54.92,1.66,0.0319,0.0309,0.0301
41.16,28.3,14.54,0.5225,54.92,1.66,0.0319,0.0309,0.0301
41.16,28.33,14.54,0.5225,54.92,1.66,0.0319,0.0309,0.0301
41.16,28.36,14.54,0.5225,54.92,1.66,0.0319,0.0309,0.0301
41.16,28.39,14.54,0.5225,54.92,1.66,0.0319,0.0309,0.0301
41.16,28.42,14.54,0.5225,54.92,1.66,0.0319,0.0309,0.0301
41.16,28.45,14.54,0.5225,54.92,1.6425,0.0319,0.0309,0.0298
41.16,28.48,14.54,0.5225,54.92,1.6425,0.0319,0.0309,0.0298
41.16,28.51,14.54,0.5225,54.92,1.6425,0.0319,0.0309,0.0298
41.16,28.54,14.54,0.5225,54.92,1.6425,0.0319,0.0309,0.0298
41.16,28.57,14.54,0.5225,54.92,1.6425,0.0319,0.0309,0.0298
41.16,28.6,14.54,0.5225,54.92,1.6425,0.0319,0.0309,0.0298
41.16,28.63,14.54,0.5225,54.92,1.6425,0.0319,0.0309,0.0298
41.16,28.66,14.54,0.5225,54.92,1.6425,0.0319,0.0309,0.0298
41.16,28.69,14.54,0.5225,54.92,1.6425,0.0319,0.0309,0.0298
41.16,28.72,14.54,0.5225,54.92,1.6425,0.0319,0.0309,0.0298
41.16,28.75,14.54,0.5225,54.92,1.6425,0.0319,0.0309,0.0298
41.16,28.78,14.54,0.5225,54.92,1.6425,0.0319,0.0309,0.0298
41.16,28.81,14.54,0.5225,54.92,1.6425,0.0319,0.0309,0.0298
41.16,28.84,14.54,0.5225,54.92,1.6425,0.0319,0.0309,0.0298
41.16,28.87,14.54,0.5225,54.92,1.6425,0.0319,0.0309,0.0298
41.16,28.9,14.54,0.5225,54.92,1.6425,0.0319,0.0309,0.0298
41.16,28.93,14.54,0.5225,54.92,1.6425,0.0319,0.0309,0.0298
41.16,28.96,14.54,0.5225,54.92,1.6425,0.0319,0.0309,0.0298
41.16,28.99,14.54,0.5225,54.92,1.6425,0.0319,0.0309,0.0298
41.16,29.02,14.62,0.5275,62.865,1.6425,0.0321,0.0353,0.0298
41.16,29.08,14.62,0.5275,62.865,1.86,0.0321,0.0353,0.0337
41.16,29.11,14.62,0.5275,62.865,1.86,0.0321,0.0353,0.0337
41.16,29.14,14.62,0.5275,62.865,1.86,0.0321,0.0353,0.0337
41.16,29.17,14.62,0.5275,62.865,1.86,0.0321,0.0353,0.0337
41.16,29.2,14.62,0.5275,62.865,1.86,0.0321,0.0353,0.0337
41.16,29.23,14.62,0.5275,62.865,1.86,0.0321,0.0353,0.0337
41.16,29.26,14.62,0.5275,62.865,1.86,0.0321,0.0353,0.0337
41.16,29.29,14.62,0.5275,62.865,1.86,0.0321,0.0353,0.0337
41.16,29.32,14.62,0.5275,62.865,1.86,0.0321,0.0353,0.0337
41.16,29.35,14.62,0.5275,62.865,1.86,0.0321,0.0353,0.0337
41.16,29.38,14.62,0.5275,62.865,1.86,0.0321,0.0353,0.0337
41.16,29.41,14.62,0.5275,62.865,1.86,0.0321,0.0353,0.0337
41.16,29.44,14.62,0.5275,62.865,1.86,0.0321,0.0353,0.0337
41.16,29.47,14.62,0.5275,62.865,1.86,0.0321,0.0353,0.0337
41.16,29.5,14.62,0.5275,62.865,1.86,0.0321,0.0353,0.0337
41.16,29.53,14.62,0.5275,62.865,1.86,0.0321,0.0353,0.0337
41.16,29.56,14.62,0.5275,62.865,1.86,0.0321,0.0353,0.0337
41.16,29.59,14.62,0.5275,62.865,1.86,0.0321,0.0353,0.0337
41.16,29.62,14.62,0.5275,62.865,1.86,0.0321,0.0353,0.0337
41.16,29.65,14.62,0.5275,62.865,1.86,0.0321,0.0353,0.0337
41.16,29.68,14.62,0.5275,62.865,1.86,0.0321,0.0353,0.0337
41.18,28.03,14.54,0.5225,54.92,1.66,0.0319,0.0309,0.0301
41.18,28.06,14.54,0.5225,54.92,1.66,0.0319,0.0309,0.0301
41.18,28.09,14.54,0.5225,54.92,1.66,0.0319,0.0309,0.0301
41.18,28.12,14.54,0.5225,54.92,1.66,0.0319,0.0309,0.0301
41.18,28.15,14.54,0.5225,54.92,1.66,0.0319,0.0309,0.0301
41.18,28.18,14.54,0.5225,54.92,1.66,0.0319,0.0309,0.0301
41.18,28.21,14.54,0.5225,54.92,1.66,0.0319,0.0309,0.0301
41.18,28.24,14.54,0.5225,54.92,1.66,0.0319,0.0309,0.0301
41.18,28.27,14.54,0.5225,54.92,1.66,0.0319,0.0309,0.0301
41.18,28.3,14.54,0.5225,54.92,1.66,0.0319,0.0309,0.0301
41.18,28.33,14.54,0.5225,54.92,1.66,0.0319,0.0309,0.0301
41.18,28.36,14.54,0.5225,54.92,1.66,0.0319,0.0309,0.0301
41.18,28.39,14.54,0.5225,54.92,1.66,0.0319,0.0309,0.0301
41.18,28.42,14.54,0.5225,54.92,1.66,0.0319,0.0309,0.0301
41.18,28.45,14.54,0.5225,54.92,1.6425,0.0319,0.0309,0.0298
41.18,28.48,14.54,0.5225,54.92,1.6425,0.0319,0.0309,0.0298
41.18,28.51,14.54,0.5225,54.92,1.6425,0.0319,0.0309,0.0298
41.18,28.54,14.54,0.5225,54.92,1.6425,0.0319,0.0309,0.0298
41.18,28.57,14.54,0.5225,54.92,1.6425,0.0319,0.0309,0.0298
41.18,28.6,14.54,0.5225,54.92,1.6425,0.0319,0.0309,0.0298
41.18,28.63,14.54,0.5225,54.92,1.6425,0.0319,0.0309,0.0298
41.18,28.66,14.54,0.5225,54.92,1.6425,0.0319,0.0309,0.0298
41.18,28.69,14.54,0.5225,54.92,1.6425,0.0319,0.0309,0.0298
41.18,28.72,14.54,0.5225,54.92,1.6425,0.0319,0.0309,0.0298
41.18,28.75,14.54,0.5225,54.92,1.6425,0.0319,0.0309,0.0298
41.18,28.78,14.54,0.5225,54.92,1.6425,0.0319,0.0309,0.0298
41.18,28.81,14.54,0.5225,54.92,1.6425,0.0319,0.0309,0.0298
41.18,28.84,14.54,0.5225,54.92,1.6425,0.0319,0.0309,0.0298
41.18,28.87,14.54,0.5225,54.92,1.6425,0.0319,0.0309,0.0298
41.18,28.9,14.54,0.5225,54.92,1.6425,0.0319,0.0309,0.0298
41.18,28.93,14.54,0.5225,54.92,1.6425,0.0319,0.0309,0.0298
41.18,28.96,14.54,0.5225,54.92,1.6425,0.0319,0.0309,0.0298
41.18,28.99,14.54,0.5225,54.92,1.6425,0.0319,0.0309,0.0298
41.18,29.02,14.62,0.5275,62.865,1.6425,0.0321,0.0353,0.0298
41.18,29.05,14.62,0.5275,62.865,1.6425,0.0321,0.0353,0.0298
41.18,29.11,14.62,0.5275,62.865,1.86,0.0321,0.0353,0.0337
41.18,29.14,14.62,0.5275,62.865,1.86,0.0321,0.0353,0.0337
41.18,29.17,14.62,0.5275,62.865,1.86,0.0321,0.0353,0.0337
41.18,29.2,14.62,0.5275,62.865,1.86,0.0321,0.0353,0.0337
41.18,29.23,14.62,0.5275,62.865,1.86,0.0321,0.0353,0.0337
41.18,29.26,14.62,0.5275,62.865,1.86,0.0321,0.0353,0.0337
41.18,29.29,14.62,0.5275,62.865,1.86,0.0321,0.0353,0.0337
41.18,29.32,14.62,0.5275,62.865,1.86,0.0321,0.0353,0.0337
41.18,29.35,14.62,0.5275,62.865,1.86,0.0321,0.0353,0.0337
41.18,29.38,14.62,0.5275,62.865,1.86,0.0321,0.0353,0.0337
41.18,29.41,14.62,0.5275,62.865,1.86,0.0321,0.0353,0.0337
41.18,29.44,14.62,0.5275,62.865,1.86,0.0321,0.0353,0.0337
41.18,29.47,14.62,0.5275,62.865,1.86,0.0321,0.0353,0.0337
41.18,29.5,14.62,0.5275,62.865,1.86,0.0321,0.0353,0.0337
41.2,28.03,14.54,0.5225,54.92,1.66,0.0319,0.0309,0.0301
41.2,28.06,14.54,0.5225,54.92,1.66,0.0319,0.0309,0.0301
41.2,28.09,14.54,0.5225,54.92,1.66,0.0319,0.0309,0.0301
41.2,28.12,14.54,0.5225,54.92,1.66,0.0319,0.0309,0.0301
41.2,28.15,14.54,0.5225,54.92,1.66,0.0319,0.0309,0.0301
41.2,28.18,14.54,0.5225,54.92,1.66,0.0319,0.0309,0.0301
41.2,28.21,14.54,0.5225,54.92,1.66,0.0319,0.0309,0.0301
41.2,28.24,14.54,0.5225,54.92,1.66,0.0319,0.0309,0.0301
41.2,28.27,14.54,0.5225,54.92,1.66,0.0319,0.0309,0.0301
41.2,28.3,14.54,0.5225,54.92,1.66,0.0319,0.0309,0.0301
41.2,28.33,14.54,0.5225,54.92,1.66,0.0319,0.0309,0.0301
41.2,28.36,14.54,0.5225,54.92,1.66,0.0319,0.0309,0.0301
41.2,28.39,14.54,0.5225,54.92,1.66,0.0319,0.0309,0.0301
41.2,28.42,14.54,0.5225,54.92,1.66,0.0319,0.0309,0.0301
41.2,28.45,14.54,0.5225,54.92,1.6425,0.0319,0.0309,0.0298
41.2,28.48,14.54,0.5225,54.92,1.6425,0.0319,0.0309,0.0298
41.2,28.51,14.54,0.5225,54.92,1.6425,0.0319,0.0309,0.0298
41.2,28.54,14.54,0.5225,54.92,1.6425,0.0319,0.0309,0.0298
41.2,28.57,14.54,0.5225,54.92,1.6425,0.0319,0.0309,0.0298
41.2,28.6,14.54,0.5225,54.92,1.6425,0.0319,0.0309,0.0298
41.2,28.63,14.54,0.5225,54.92,1.6425,0.0319,0.0309,0.0298
41.2,28.66,14.54,0.5225,54.92,1.6425,0.0319,0.0309,0.0298
41.2,28.69,14.54,0.5225,54.92,1.6425,0.0319,0.0309,0.0298
41.2,28.72,14.54,0.5225,54.92,1.6425,0.0319,0.0309,0.0298
41.2,28.75,14.54,0.5225,54.92,1.6425,0.0319,0.0309,0.0298
41.2,28.78,14.54,0.5225,54.92,1.6425,0.0319,0.0309,0.0298
41.2,28.81,14.54,0.5225,54.92,1.6425,0.0319,0.0309,0.0298
41.2,28.84,14.54,0.5225,54.92,1.6425,0.0319,0.0309,0.0298
41.2,28.87,14.54,0.5225,54.92,1.6425,0.0319,0.0309,0.0298
41.2,28.9,14.54,0.5225,54.92,1.6425,0.0319,0.0309,0.0298
41.2,28.93,14.54,0.5225,54.92,1.6425,0.0319,0.0309,0.0298
41.2,28.96,14.54,0.5225,54.92,1.6425,0.0319,0.0309,0.0298
41.2,28.99,14.54,0.5225,54.92,1.6425,0.0319,0.0309,0.0298
41.2,29.02,14.62,0.5275,62.865,1.6425,0.0321,0.0353,0.0298
41.2,29.05,14.62,0.5275,62.865,1.6425,0.0321,0.0353,0.0298
41.2,29.08,14.62,0.5275,62.865,1.86,0.0321,0.0353,0.0337
41.2,29.14,14.62,0.5275,62.865,1.86,0.0321,0.0353,0.0337
41.2,29.17,14.62,0.5275,62.865,1.86,0.0321,0.0353,0.0337
41.2,29.2,14.62,0.5275,62.865,1.86,0.0321,0.0353,0.0337
41.2,29.23,14.62,0.5275,62.865,1.86,0.0321,0.0353,0.0337
41.2,29.26,14.62,0.5275,62.865,1.86,0.0321,0.0353,0.0337
41.2,29.29,14.62,0.5275,62.865,1.86,0.0321,0.0353,0.0337
41.2,29.32,14.62,0.5275,62.865,1.86,0.0321,0.0353,0.0337
41.2,29.35,14.62,0.5275,62.865,1.86,0.0321,0.0353,0.0337
41.2,29.38,14.62,0.5275,62.865,1.86,0.0321,0.0353,0.0337
41.2,29.41,14.62,0.5275,62.865,1.86,0.0321,0.0353,0.0337
41.22,28.0,14.54,0.5225,54.92,1.66,0.0319,0.0309,0.0301
41.22,28.03,14.54,0.5225,54.92,1.66,0.0319,0.0309,0.0301
41.22,28.06,14.54,0.5225,54.92,1.66,0.0319,0.0309,0.0301
41.22,28.09,14.54,0.5225,54.92,1.66,0.0319,0.0309,0.0301
41.22,28.12,14.54,0.5225,54.92,1.66,0.0319,0.0309,0.0301
41.22,28.15,14.54,0.5225,54.92,1.66,0.0319,0.0309,0.0301
41.22,28.18,14.54,0.5225,54.92,1.66,0.0319,0.0309,0.0301
41.22,28.21,14.54,0.5225,54.92,1.66,0.0319,0.0309,0.0301
41.22,28.24,14.54,0.5225,54.92,1.66,0.0319,0.0309,0.0301
41.22,28.27,14.54,0.5225,54.92,1.66,0.0319,0.0309,0.0301
41.22,28.3,14.54,0.5225,54.92,1.66,0.0319,0.0309,0.0301
41.22,28.33,14.54,0.5225,54.92,1.66,0.0319,0.0309,0.0301
41.22,28.36,14.54,0.5225,54.92,1.66,0.0319,0.0309,0.0301
41.22,28.39,14.54,0.5225,54.92,1.66,0.0319,0.0309,0.0301
41.22,28.42,14.54,0.5225,54.92,1.66,0.0319,0.0309,0.0301
41.22,28.45,14.54,0.5225,54.92,1.6425,0.0319,0.0309,0.0298
41.22,28.48,14.54,0.5225,54.92,1.6425,0.0319,0.0309,0.0298
41.22,28.51,14.54,0.5225,54.92,1.6425,0.0319,0.0309,0.0298
41.22,28.54,14.54,0.5225,54.92,1.6425,0.0319,0.0309,0.0298
41.22,28.57,14.54,0.5225,54.92,1.6425,0.0319,0.0309,0.0298
41.22,28.6,14.54,0.5225,54.92,1.6425,0.0319,0.0309,0.0298
41.22,28.63,14.54,0.5225,54.92,1.6425,0.0319,0.0309,0.0298
41.22,28.66,14.54,0.5225,54.92,1.6425,0.0319,0.0309,0.0298
41.22,28.69,14.54,0.5225,54.92,1.6425,0.0319,0.0309,0.0298
41.22,28.72,14.54,0.5225,54.92,1.6425,0.0319,0.0309,0.0298
41.22,28.75,14.54,0.5225,54.92,1.6425,0.0319,0.0309,0.0298
41.22,28.78,14.54,0.5225,54.92,1.6425,0.0319,0.0309,0.0298
41.22,28.81,14.54,0.5225,54.92,1.6425,0.0319,0.0309,0.0298
41.22,28.84,14.54,0.5225,54.92,1.6425,0.0319,0.0309,0.0298
41.22,28.87,14.54,0.5225,54.92,1.6425,0.0319,0.0309,0.0298
41.22,28.9,14.54,0.5225,54.92,1.6425,0.0319,0.0309,0.0298
41.22,28.93,14.54,0.5225,54.92,1.6425,0.0319,0.0309,0.0298
41.22,28.96,14.54,0.5225,54.92,1.6425,0.0319,0.0309,0.0298
41.22,28.99,14.54,0.5225,54.92,1.6425,0.0319,0.0309,0.0298
41.22,29.02,14.62,0.5275,62.865,1.6425,0.0321,0.0353,0.0298
41.22,29.05,14.62,0.5275,62.865,1.6425,0.0321,0.0353,0.0298
41.22,29.08,14.62,0.5275,62.865,1.86,0.0321,0.0353,0.0337
41.22,29.23,14.62,0.5275,62.865,1.86,0.0321,0.0353,0.0337
41.22,29.26,14.62,0.5275,62.865,1.86,0.0321,0.0353,0.0337
41.24,28.0,14.54,0.5225,54.92,1.66,0.0319,0.0309,0.0301
41.24,28.03,14.54,0.5225,54.92,1.66,0.0319,0.0309,0.0301
41.24,28.06,14.54,0.5225,54.92,1.66,0.0319,0.0309,0.0301
41.24,28.09,14.54,0.5225,54.92,1.66,0.0319,0.0309,0.0301
41.24,28.12,14.54,0.5225,54.92,1.66,0.0319,0.0309,0.0301
41.24,28.15,14.54,0.5225,54.92,1.66,0.0319,0.0309,0.0301
41.24,28.18,14.54,0.5225,54.92,1.66,0.0319,0.0309,0.0301
41.24,28.21,14.54,0.5225,54.92,1.66,0.0319,0.0309,0.0301
41.24,28.24,14.54,0.5225,54.92,1.66,0.0319,0.0309,0.0301
41.24,28.27,14.54,0.5225,54.92,1.66,0.0319,0.0309,0.0301
41.24,28.3,14.54,0.5225,54.92,1.66,0.0319,0.0309,0.0301
41.24,28.33,14.54,0.5225,54.92,1.66,0.0319,0.0309,0.0301
41.24,28.36,14.54,0.5225,54.92,1.66,0.0319,0.0309,0.0301
41.24,28.39,14.54,0.5225,54.92,1.66,0.0319,0.0309,0.0301
41.24,28.42,14.54,0.5225,54.92,1.66,0.0319,0.0309,0.0301
41.24,28.45,14.54,0.5225,54.92,1.6425,0.0319,0.0309,0.0298
41.24,28.48,14.54,0.5225,54.92,1.6425,0.0319,0.0309,0.0298
41.24,28.51,14.54,0.5225,54.92,1.6425,0.0319,0.0309,0.0298
41.24,28.54,14.54,0.5225,54.92,1.6425,0.0319,0.0309,0.0298
41.24,28.57,14.54,0.5225,54.92,1.6425,0.0319,0.0309,0.0298
41.24,28.6,14.54,0.5225,54.92,1.6425,0.0319,0.0309,0.0298
41.24,28.63,14.54,0.5225,54.92,1.6425,0.0319,0.0309,0.0298
41.24,28.66,14.54,0.5225,54.92,1.6425,0.0319,0.0309,0.0298
41.24,28.69,14.54,0.5225,54.92,1.6425,0.0319,0.0309,0.0298
41.24,28.72,14.54,0.5225,54.92,1.6425,0.0319,0.0309,0.0298
41.24,28.75,14.54,0.5225,54.92,1.6425,0.0319,0.0309,0.0298
41.24,28.78,14.54,0.5225,54.92,1.6425,0.0319,0.0309,0.0298
41.24,28.81,14.54,0.5225,54.92,1.6425,0.0319,0.0309,0.0298
41.24,28.84,14.54,0.5225,54.92,1.6425,0.0319,0.0309,0.0298
41.24,28.87,14.54,0.5225,54.92,1.6425,0.0319,0.0309,0.0298
41.24,28.9,14.54,0.5225,54.92,1.6425,0.0319,0.0309,0.0298
41.24,28.93,14.54,0.5225,54.92,1.6425,0.0319,0.0309,0.0298
41.24,28.96,14.54,0.5225,54.92,1.6425,0.0319,0.0309,0.0298
41.24,28.99,14.54,0.5225,54.92,1.6425,0.0319,0.0309,0.0298
41.24,29.02,14.62,0.5275,62.865,1.6425,0.0321,0.0353,0.0298
41.24,29.05,14.62,0.5275,62.865,1.6425,0.0321,0.0353,0.0298
41.24,29.08,14.62,0.5275,62.865,1.86,0.0321,0.0353,0.0337
41.26,28.06,14.54,0.5225,54.92,1.6875,0.0319,0.0309,0.0306
41.26,28.09,14.54,0.5225,54.92,1.6875,0.0319,0.0309,0.0306
41.26,28.12,14.54,0.5225,54.92,1.6875,0.0319,0.0309,0.0306
41.26,28.15,14.54,0.5225,54.92,1.6875,0.0319,0.0309,0.0306
41.26,28.18,14.54,0.5225,54.92,1.6875,0.0319,0.0309,0.0306
41.26,28.21,14.54,0.5225,54.92,1.6875,0.0319,0.0309,0.0306
41.26,28.24,14.54,0.5225,54.92,1.6875,0.0319,0.0309,0.0306
41.26,28.27,14.54,0.5225,54.92,1.6875,0.0319,0.0309,0.0306
41.26,28.3,14.54,0.5225,54.92,1.6875,0.0319,0.0309,0.0306
41.26,28.33,14.54,0.5225,54.92,1.6875,0.0319,0.0309,0.0306
41.26,28.36,14.54,0.5225,54.92,1.6875,0.0319,0.0309,0.0306
41.26,28.39,14.54,0.5225,54.92,1.6875,0.0319,0.0309,0.0306
41.26,28.42,14.54,0.5225,54.92,1.6875,0.0319,0.0309,0.0306
41.26,28.45,14.54,0.5225,54.92,1.8825,0.0319,0.0309,0.0341
41.26,28.48,14.54,0.5225,54.92,1.8825,0.0319,0.0309,0.0341
41.26,28.51,14.54,0.5225,54.92,1.8825,0.0319,0.0309,0.0341
41.26,28.54,14.54,0.5225,54.92,1.8825,0.0319,0.0309,0.0341
41.26,28.57,14.54,0.5225,54.92,1.8825,0.0319,0.0309,0.0341
41.26,28.6,14.54,0.5225,54.92,1.8825,0.0319,0.0309,0.0341
41.26,28.63,14.54,0.5225,54.92,1.8825,0.0319,0.0309,0.0341
41.26,28.66,14.54,0.5225,54.92,1.8825,0.0319,0.0309,0.0341
41.26,28.69,14.54,0.5225,54.92,1.8825,0.0319,0.0309,0.0341
41.26,28.72,14.54,0.5225,54.92,1.8825,0.0319,0.0309,0.0341
41.26,28.75,14.54,0.5225,54.92,1.8825,0.0319,0.0309,0.0341
41.26,28.78,14.54,0.5225,54.92,1.8825,0.0319,0.0309,0.0341
41.26,28.81,14.54,0.5225,54.92,1.8825,0.0319,0.0309,0.0341
41.26,28.84,14.54,0.5225,54.92,1.8825,0.0319,0.0309,0.0341
41.26,28.87,14.54,0.5225,54.92,1.8825,0.0319,0.0309,0.0341
41.26,28.9,14.54,0.5225,54.92,1.8825,0.0319,0.0309,0.0341
41.28,28.09,14.54,0.5225,54.92,1.6875,0.0319,0.0309,0.0306
41.28,28.12,14.54,0.5225,54.92,1.6875,0.0319,0.0309,0.0306
41.28,28.15,14.54,0.5225,54.92,1.6875,0.0319,0.0309,0.0306
41.28,28.18,14.54,0.5225,54.92,1.6875,0.0319,0.0309,0.0306
41.28,28.21,14.54,0.5225,54.92,1.6875,0.0319,0.0309,0.0306
41.28,28.24,14.54,0.5225,54.92,1.6875,0.0319,0.0309,0.0306
41.28,28.27,14.54,0.5225,54.92,1.6875,0.0319,0.0309,0.0306
41.28,28.3,14.54,0.5225,54.92,1.6875,0.0319,0.0309,0.0306
41.28,28.33,14.54,0.5225,54.92,1.6875,0.0319,0.0309,0.0306
41.28,28.36,14.54,0.5225,54.92,1.6875,0.0319,0.0309,0.0306
41.28,28.39,14.54,0.5225,54.92,1.6875,0.0319,0.0309,0.0306
41.28,28.42,14.54,0.5225,54.92,1.6875,0.0319,0.0309,0.0306
41.28,28.45,14.54,0.5225,54.92,1.8825,0.0319,0.0309,0.0341
41.28,28.48,14.54,0.5225,54.92,1.8825,0.0319,0.0309,0.0341
41.28,28.51,14.54,0.5225,54.92,1.8825,0.0319,0.0309,0.0341
41.28,28.54,14.54,0.5225,54.92,1.8825,0.0319,0.0309,0.0341
41.28,28.57,14.54,0.5225,54.92,1.8825,0.0319,0.0309,0.0341
41.28,28.6,14.54,0.5225,54.92,1.8825,0.0319,0.0309,0.0341
41.28,28.63,14.54,0.5225,54.92,1.8825,0.0319,0.0309,0.0341
41.28,28.66,14.54,0.5225,54.92,1.8825,0.0319,0.0309,0.0341
41.28,28.69,14.54,0.5225,54.92,1.8825,0.0319,0.0309,0.0341
41.28,28.72,14.54,0.5225,54.92,1.8825,0.0319,0.0309,0.0341
41.28,28.75,14.54,0.5225,54.92,1.8825,0.0319,0.0309,0.0341
41.28,28.78,14.54,0.5225,54.92,1.8825,0.0319,0.0309,0.0341
41.28,28.81,14.54,0.5225,54.92,1.8825,0.0319,0.0309,0.0341
41.28,28.84,14.54,0.5225,54.92,1.8825,0.0319,0.0309,0.0341
41.3,28.09,14.54,0.5225,54.92,1.6875,0.0319,0.0309,0.0306
41.3,28.12,14.54,0.5225,54.92,1.6875,0.0319,0.0309,0.0306
41.3,28.15,14.54,0.5225,54.92,1.6875,0.0319,0.0309,0.0306
41.3,28.18,14.54,0.5225,54.92,1.6875,0.0319,0.0309,0.0306
41.3,28.21,14.54,0.5225,54.92,1.6875,0.0319,0.0309,0.0306
41.3,28.24,14.54,0.5225,54.92,1.6875,0.0319,0.0309,0.0306
41.3,28.27,14.54,0.5225,54.92,1.6875,0.0319,0.0309,0.0306
41.3,28.3,14.54,0.5225,54.92,1.6875,0.0319,0.0309,0.0306
41.3,28.33,14.54,0.5225,54.92,1.6875,0.0319,0.0309,0.0306
41.3,28.36,14.54,0.5225,54.92,1.6875,0.0319,0.0309,0.0306
41.3,28.39,14.54,0.5225,54.92,1.6875,0.0319,0.0309,0.0306
41.3,28.42,14.54,0.5225,54.92,1.6875,0.0319,0.0309,0.0306
41.3,28.45,14.54,0.5225,54.92,1.8825,0.0319,0.0309,0.0341
41.3,28.48,14.54,0.5225,54.92,1.8825,0.0319,0.0309,0.0341
41.3,28.51,14.54,0.5225,54.92,1.8825,0.0319,0.0309,0.0341
41.3,28.54,14.54,0.5225,54.92,1.8825,0.0319,0.0309,0.0341
41.3,28.57,14.54,0.5225,54.92,1.8825,0.0319,0.0309,0.0341
41.3,28.6,14.54,0.5225,54.92,1.8825,0.0319,0.0309,0.0341
41.3,28.63,14.54,0.5225,54.92,1.8825,0.0319,0.0309,0.0341
41.3,28.66,14.54,0.5225,54.92,1.8825,0.0319,0.0309,0.0341
41.3,28.69,14.54,0.5225,54.92,1.8825,0.0319,0.0309,0.0341
41.3,28.72,14.54,0.5225,54.92,1.8825,0.0319,0.0309,0.0341
41.3,28.75,14.54,0.5225,54.92,1.8825,0.0319,0.0309,0.0341
41.3,28.78,14.54,0.5225,54.92,1.8825,0.0319,0.0309,0.0341
41.32,28.09,14.54,0.5225,54.92,1.6875,0.0319,0.0309,0.0306
41.32,28.12,14.54,0.5225,54.92,1.6875,0.0319,0.0309,0.0306
41.32,28.15,14.54,0.5225,54.92,1.6875,0.0319,0.0309,0.0306
41.32,28.18,14.54,0.5225,54.92,1.6875,0.0319,0.0309,0.0306
41.32,28.21,14.54,0.5225,54.92,1.6875,0.0319,0.0309,0.0306
41.32,28.24,14.54,0.5225,54.92,1.6875,0.0319,0.0309,0.0306
41.32,28.27,14.54,0.5225,54.92,1.6875,0.0319,0.0309,0.0306
41.32,28.3,14.54,0.5225,54.92,1.6875,0.0319,0.0309,0.0306
41.32,28.33,14.54,0.5225,54.92,1.6875,0.0319,0.0309,0.0306
41.32,28.36,14.54,0.5225,54.92,1.6875,0.0319,0.0309,0.0306
41.32,28.39,14.54,0.5225,54.92,1.6875,0.0319,0.0309,0.0306
41.32,28.42,14.54,0.5225,54.92,1.6875,0.0319,0.0309,0.0306
41.32,28.45,14.54,0.5225,54.92,1.8825,0.0319,0.0309,0.0341
41.32,28.48,14.54,0.5225,54.92,1.8825,0.0319,0.0309,0.0341
41.32,28.51,14.54,0.5225,54.92,1.8825,0.0319,0.0309,0.0341
41.32,28.54,14.54,0.5225,54.92,1.8825,0.0319,0.0309,0.0341
41.32,28.57,14.54,0.5225,54.92,1.8825,0.0319,0.0309,0.0341
41.32,28.6,14.54,0.5225,54.92,1.8825,0.0319,0.0309,0.0341
41.32,28.63,14.54,0.5225,54.92,1.8825,0.0319,0.0309,0.0341
41.32,28.66,14.54,0.5225,54.92,1.8825,0.0319,0.0309,0.0341
41.32,28.69,14.54,0.5225,54.92,1.8825,0.0319,0.0309,0.0341
41.32,28.72,14.54,0.5225,54.92,1.8825,0.0319,0.0309,0.0341
41.34,28.09,14.54,0.5225,54.92,1.6875,0.0319,0.0309,0.0306
41.34,28.12,14.54,0.5225,54.92,1.6875,0.0319,0.0309,0.0306
41.34,28.15,14.54,0.5225,54.92,1.6875,0.0319,0.0309,0.0306
41.34,28.18,14.54,0.5225,54.92,1.6875,0.0319,0.0309,0.0306
41.34,28.21,14.54,0.5225,54.92,1.6875,0.0319,0.0309,0.0306
41.34,28.24,14.54,0.5225,54.92,1.6875,0.0319,0.0309,0.0306
41.34,28.27,14.54,0.5225,54.92,1.6875,0.0319,0.0309,0.0306
41.34,28.3,14.54,0.5225,54.92,1.6875,0.0319,0.0309,0.0306
41.34,28.33,14.54,0.5225,54.92,1.6875,0.0319,0.0309,0.0306
41.34,28.36,14.54,0.5225,54.92,1.6875,0.0319,0.0309,0.0306
41.34,28.39,14.54,0.5225,54.92,1.6875,0.0319,0.0309,0.0306
41.34,28.42,14.54,0.5225,54.92,1.6875,0.0319,0.0309,0.0306
41.34,28.45,14.54,0.5225,54.92,1.8825,0.0319,0.0309,0.0341
41.34,28.48,14.54,0.5225,54.92,1.8825,0.0319,0.0309,0.0341
41.34,28.51,14.54,0.5225,54.92,1.8825,0.0319,0.0309,0.0341
41.34,28.54,14.54,0.5225,54.92,1.8825,0.0319,0.0309,0.0341
41.34,28.57,14.54,0.5225,54.92,1.8825,0.0319,0.0309,0.0341
41.34,28.6,14.54,0.5225,54.92,1.8825,0.0319,0.0309,0.0341
41.34,28.63,14.54,0.5225,54.92,1.8825,0.0319,0.0309,0.0341
41.34,28.66,14.54,0.5225,54.92,1.8825,0.0319,0.0309,0.0341
41.36,28.09,14.54,0.5225,54.92,1.6875,0.0319,0.0309,0.0306
41.36,28.12,14.54,0.5225,54.92,1.6875,0.0319,0.0309,0.0306
41.36,28.15,14.54,0.5225,54.92,1.6875,0.0319,0.0309,0.0306
41.36,28.18,14.54,0.5225,54.92,1.6875,0.0319,0.0309,0.0306
41.36,28.21,14.54,0.5225,54.92,1.6875,0.0319,0.0309,0.0306
41.36,28.24,14.54,0.5225,54.92,1.6875,0.0319,0.0309,0.0306
41.36,28.27,14.54,0.5225,54.92,1.6875,0.0319,0.0309,0.0306
41.36,28.3,14.54,0.5225,54.92,1.6875,0.0319,0.0309,0.0306
41.36,28.33,14.54,0.5225,54.92,1.6875,0.0319,0.0309,0.0306
41.36,28.36,14.54,0.5225,54.92,1.6875,0.0319,0.0309,0.0306
41.36,28.39,14.54,0.5225,54.92,1.6875,0.0319,0.0309,0.0306
41.36,28.42,14.54,0.5225,54.92,1.6875,0.0319,0.0309,0.0306
41.36,28.45,14.54,0.5225,54.92,1.8825,0.0319,0.0309,0.0341
41.36,28.48,14.54,0.5225,54.92,1.8825,0.0319,0.0309,0.0341
41.36,28.51,14.54,0.5225,54.92,1.8825,0.0319,0.0309,0.0341
41.36,28.54,14.54,0.5225,54.92,1.8825,0.0319,0.0309,0.0341
41.36,28.57,14.54,0.5225,54.92,1.8825,0.0319,0.0309,0.0341
41.36,28.6,14.54,0.5225,54.92,1.8825,0.0319,0.0309,0.0341
41.38,28.12,14.54,0.5225,54.92,1.6875,0.0319,0.0309,0.0306
41.38,28.15,14.54,0.5225,54.92,1.6875,0.0319,0.0309,0.0306
41.38,28.18,14.54,0.5225,54.92,1.6875,0.0319,0.0309,0.0306
41.38,28.21,14.54,0.5225,54.92,1.6875,0.0319,0.0309,0.0306
41.38,28.24,14.54,0.5225,54.92,1.6875,0.0319,0.0309,0.0306
41.38,28.27,14.54,0.5225,54.92,1.6875,0.0319,0.0309,0.0306
41.38,28.3,14.54,0.5225,54.92,1.6875,0.0319,0.0309,0.0306
41.38,28.33,14.54,0.5225,54.92,1.6875,0.0319,0.0309,0.0306
41.38,28.36,14.54,0.5225,54.92,1.6875,0.0319,0.0309,0.0306
41.38,28.39,14.54,0.5225,54.92,1.6875,0.0319,0.0309,0.0306
41.38,28.42,14.54,0.5225,54.92,1.6875,0.0319,0.0309,0.0306
41.38,28.45,14.54,0.5225,54.92,1.8825,0.0319,0.0309,0.0341
41.38,28.48,14.54,0.5225,54.92,1.8825,0.0319,0.0309,0.0341
41.38,28.51,14.54,0.5225,54.92,1.8825,0.0319,0.0309,0.0341
41.38,28.54,14.54,0.5225,54.92,1.8825,0.0319,0.0309,0.0341
41.4,28.12,14.54,0.5225,54.92,1.6875,0.0319,0.0309,0.0306
41.4,28.15,14.54,0.5225,54.92,1.6875,0.0319,0.0309,0.0306
41.4,28.18,14.54,0.5225,54.92,1.6875,0.0319,0.0309,0.0306
41.4,28.21,14.54,0.5225,54.92,1.6875,0.0319,0.0309,0.0306
41.4,28.24,14.54,0.5225,54.92,1.6875,0.0319,0.0309,0.0306
41.4,28.27,14.54,0.5225,54.92,1.6875,0.0319,0.0309,0.0306
41.4,28.3,14.54,0.5225,54.92,1.6875,0.0319,0.0309,0.0306
41.4,28.33,14.54,0.5225,54.92,1.6875,0.0319,0.0309,0.0306
41.4,28.36,14.54,0.5225,54.92,1.6875,0.0319,0.0309,0.0306
41.4,28.39,14.54,0.5225,54.92,1.6875,0.0319,0.0309,0.0306
41.4,28.42,14.54,0.5225,54.92,1.6875,0.0319,0.0309,0.0306
41.4,28.45,14.54,0.5225,54.92,1.8825,0.0319,0.0309,0.0341
41.4,28.48,14.54,0.5225,54.92,1.8825,0.0319,0.0309,0.0341
41.42,28.12,14.54,0.5225,54.92,1.6875,0.0319,0.0309,0.0306
41.42,28.15,14.54,0.5225,54.92,1.6875,0.0319,0.0309,0.0306
41.42,28.18,14.54,0.5225,54.92,1.6875,0.0319,0.0309,0.0306
41.42,28.21,14.54,0.5225,54.92,1.6875,0.0319,0.0309,0.0306
41.42,28.24,14.54,0.5225,54.92,1.6875,0.0319,0.0309,0.0306
41.42,28.27,14.54,0.5225,54.92,1.6875,0.0319,0.0309,0.0306
41.42,28.3,14.54,0.5225,54.92,1.6875,0.0319,0.0309,0.0306
41.42,28.33,14.54,0.5225,54.92,1.6875,0.0319,0.0309,0.0306
41.42,28.36,14.54,0.5225,54.92,1.6875,0.0319,0.0309,0.0306
41.42,28.39,14.54,0.5225,54.92,1.6875,0.0319,0.0309,0.0306
41.42,28.42,14.54,0.5225,54.92,1.6875,0.0319,0.0309,0.0306
41.42,28.45,14.54,0.5225,54.92,1.8825,0.0319,0.0309,0.0341
41.44,28.12,14.54,0.5225,54.92,1.6875,0.0319,0.0309,0.0306
41.44,28.15,14.54,0.5225,54.92,1.6875,0.0319,0.0309,0.0306
41.44,28.18,14.54,0.5225,54.92,1.6875,0.0319,0.0309,0.0306
41.44,28.21,14.54,0.5225,54.92,1.6875,0.0319,0.0309,0.0306
41.44,28.24,14.54,0.5225,54.92,1.6875,0.0319,0.0309,0.0306
41.44,28.27,14.54,0.5225,54.92,1.6875,0.0319,0.0309,0.0306
41.44,28.3,14.54,0.5225,54.92,1.6875,0.0319,0.0309,0.0306
41.44,28.33,14.54,0.5225,54.92,1.6875,0.0319,0.0309,0.0306
41.44,28.36,14.54,0.5225,54.92,1.6875,0.0319,0.0309,0.0306
41.44,28.39,14.54,0.5225,54.92,1.6875,0.0319,0.0309,0.0306
41.46,28.12,14.54,0.5225,54.92,1.6875,0.0319,0.0309,0.0306
41.46,28.15,14.54,0.5225,54.92,1.6875,0.0319,0.0309,0.0306
41.46,28.18,14.54,0.5225,54.92,1.6875,0.0319,0.0309,0.0306
41.46,28.21,14.54,0.5225,54.92,1.6875,0.0319,0.0309,0.0306
41.46,28.24,14.54,0.5225,54.92,1.6875,0.0319,0.0309,0.0306
41.46,28.27,14.54,0.5225,54.92,1.6875,0.0319,0.0309,0.0306
41.46,28.3,14.54,0.5225,54.92,1.6875,0.0319,0.0309,0.0306
41.46,28.33,14.54,0.5225,54.92,1.6875,0.0319,0.0309,0.0306
41.48,28.12,14.54,0.5225,54.92,1.6875,0.0319,0.0309,0.0306
41.48,28.15,14.54,0.5225,54.92,1.6875,0.0319,0.0309,0.0306
41.48,28.18,14.54,0.5225,54.92,1.6875,0.0319,0.0309,0.0306
41.48,28.21,14.54,0.5225,54.92,1.6875,0.0319,0.0309,0.0306
41.48,28.24,14.54,0.5225,54.92,1.6875,0.0319,0.0309,0.0306
41.48,28.27,14.54,0.5225,54.92,1.6875,0.0319,0.0309,0.0306
41.48,28.3,14.54,0.5225,54.92,1.6875,0.0319,0.0309,0.0306
41.5,28.09,14.54,0.5225,54.92,1.6875,0.0319,0.0309,0.0306
41.5,28.12,14.54,0.5225,54.92,1.6875,0.0319,0.0309,0.0306
41.5,28.15,14.54,0.5225,54.92,1.6875,0.0319,0.0309,0.0306
41.5,28.18,14.54,0.5225,54.92,1.6875,0.0319,0.0309,0.0306
41.5,28.21,14.54,0.5225,54.92,1.6875,0.0319,0.0309,0.0306
41.5,28.24,14.54,0.5225,54.92,1.6875,0.0319,0.0309,0.0306
41.52,28.12,14.54,0.5225,54.92,1.6875,0.0319,0.0309,0.0306
41.52,28.15,14.54,0.5225,54.92,1.6875,0.0319,0.0309,0.0306
41.52,28.18,14.54,0.5225,54.92,1.6875,0.0319,0.0309,0.0306
41.52,28.21,14.54,0.5225,54.92,1.6875,0.0319,0.0309,0.0306
41.54,28.15,14.54,0.5225,54.92,1.6875,0.0319,0.0309,0.0306
41.54,28.18,14.54,0.5225,54.92,1.6875,0.0319,0.0309,0.0306
41.56,28.15,14.54,0.5225,54.92,1.6875,0.0319,0.0309,0.0306
41.56,28.18,14.54,0.5225,54.92,1.6875,0.0319,0.0309,0.0306
41.58,28.15,14.54,0.5225,54.92,1.6875,0.0319,0.0309,0.0306
