lat,lon,date,ALLSKY_SFC_SW_DWN,ALLSKY_KT,CLOUD_AMT,PRECTOTCORR
41.28,28.6,202013,14.77,0.53,53.42,1.58
41.28,28.6,202113,14.24,0.51,58.25,2.16
41.28,28.6,202213,14.89,0.54,51.29,1.79
41.28,28.6,202313,14.26,0.51,56.72,2.0
41.28,28.63,202013,14.77,0.53,53.42,1.58
41.28,28.63,202113,14.24,0.51,58.25,2.16
41.28,28.63,202213,14.89,0.54,51.29,1.79
41.28,28.63,202313,14.26,0.51,56.72,2.0
41.28,28.66,202013,14.77,0.53,53.42,1.58
41.28,28.66,202113,14.24,0.51,58.25,2.16
41.28,28.66,202213,14.89,0.54,51.29,1.79
41.28,28.66,202313,14.26,0.51,56.72,2.0
41.28,28.69,202013,14.77,0.53,53.42,1.58
41.28,28.69,202113,14.24,0.51,58.25,2.16
41.28,28.69,202213,14.89,0.54,51.29,1.79
41.28,28.69,202313,14.26,0.51,56.72,2.0
41.28,28.72,202013,14.77,0.53,53.42,1.58
41.28,28.72,202113,14.24,0.51,58.25,2.16
41.28,28.72,202213,14.89,0.54,51.29,1.79
41.28,28.72,202313,14.26,0.51,56.72,2.0
41.28,28.75,202013,14.77,0.53,53.42,1.58
41.28,28.75,202113,14.24,0.51,58.25,2.16
41.28,28.75,202213,14.89,0.54,51.29,1.79
41.28,28.75,202313,14.26,0.51,56.72,2.0
41.28,28.78,202013,14.77,0.53,53.42,1.58
41.28,28.78,202113,14.24,0.51,58.25,2.16
41.28,28.78,202213,14.89,0.54,51.29,1.79
41.28,28.78,202313,14.26,0.51,56.72,2.0
41.28,28.81,202013,14.77,0.53,53.42,1.58
41.28,28.81,202113,14.24,0.51,58.25,2.16
41.28,28.81,202213,14.89,0.54,51.29,1.79
41.28,28.81,202313,14.26,0.51,56.72,2.0
41.28,28.84,202013,14.77,0.53,53.42,1.58
41.28,28.84,202113,14.24,0.51,58.25,2.16
41.28,28.84,202213,14.89,0.54,51.29,1.79
41.28,28.84,202313,14.26,0.51,56.72,2.0
41.3,28.09,202013,14.77,0.53,53.42,1.47
41.3,28.09,202113,14.24,0.51,58.25,2.0
41.3,28.09,202213,14.89,0.54,51.29,1.54
41.3,28.09,202313,14.26,0.51,56.72,1.74
41.3,28.12,202013,14.77,0.53,53.42,1.47
41.3,28.12,202113,14.24,0.51,58.25,2.0
41.3,28.12,202213,14.89,0.54,51.29,1.54
41.3,28.12,202313,14.26,0.51,56.72,1.74
41.3,28.15,202013,14.77,0.53,53.42,1.47
41.3,28.15,202113,14.24,0.51,58.25,2.0
41.3,28.15,202213,14.89,0.54,51.29,1.54
41.3,28.15,202313,14.26,0.51,56.72,1.74
41.3,28.18,202013,14.77,0.53,53.42,1.47
41.3,28.18,202113,14.24,0.51,58.25,2.0
41.3,28.18,202213,14.89,0.54,51.29,1.54
41.3,28.18,202313,14.26,0.51,56.72,1.74
41.3,28.21,202013,14.77,0.53,53.42,1.47
41.3,28.21,202113,14.24,0.51,58.25,2.0
41.3,28.21,202213,14.89,0.54,51.29,1.54
41.3,28.21,202313,14.26,0.51,56.72,1.74
41.3,28.24,202013,14.77,0.53,53.42,1.47
41.3,28.24,202113,14.24,0.51,58.25,2.0
41.3,28.24,202213,14.89,0.54,51.29,1.54
41.3,28.24,202313,14.26,0.51,56.72,1.74
41.3,28.27,202013,14.77,0.53,53.42,1.47
41.3,28.27,202113,14.24,0.51,58.25,2.0
41.3,28.27,202213,14.89,0.54,51.29,1.54
41.3,28.27,202313,14.26,0.51,56.72,1.74
41.3,28.3,202013,14.77,0.53,53.42,1.47
41.3,28.3,202113,14.24,0.51,58.25,2.0
41.3,28.3,202213,14.89,0.54,51.29,1.54
41.3,28.3,202313,14.26,0.51,56.72,1.74
41.3,28.33,202013,14.77,0.53,53.42,1.47
41.3,28.33,202113,14.24,0.51,58.25,2.0
41.3,28.33,202213,14.89,0.54,51.29,1.54
41.3,28.33,202313,14.26,0.51,56.72,1.74
41.3,28.36,202013,14.77,0.53,53.42,1.47
41.3,28.36,202113,14.24,0.51,58.25,2.0
41.3,28.36,202213,14.89,0.54,51.29,1.54
41.3,28.36,202313,14.26,0.51,56.72,1.74
41.3,28.39,202013,14.77,0.53,53.42,1.47
41.3,28.39,202113,14.24,0.51,58.25,2.0
41.3,28.39,202213,14.89,0.54,51.29,1.54
41.3,28.39,202313,14.26,0.51,56.72,1.74
41.3,28.42,202013,14.77,0.53,53.42,1.47
41.3,28.42,202113,14.24,0.51,58.25,2.0
41.3,28.42,202213,14.89,0.54,51.29,1.54
41.3,28.42,202313,14.26,0.51,56.72,1.74
41.3,28.45,202013,14.77,0.53,53.42,1.58
41.3,28.45,202113,14.24,0.51,58.25,2.16
41.3,28.45,202213,14.89,0.54,51.29,1.79
41.3,28.45,202313,14.26,0.51,56.72,2.0
41.3,28.48,202013,14.77,0.53,53.42,1.58
41.3,28.48,202113,14.24,0.51,58.25,2.16
41.3,28.48,202213,14.89,0.54,51.29,1.79
41.3,28.48,202313,14.26,0.51,56.72,2.0
41.3,28.51,202013,14.77,0.53,53.42,1.58
41.3,28.51,202113,14.24,0.51,58.25,2.16
41.3,28.51,202213,14.89,0.54,51.29,1.79
41.3,28.51,202313,14.26,0.51,56.72,2.0
41.3,28.54,202013,14.77,0.53,53.42,1.58
41.3,28.54,202113,14.24,0.51,58.25,2.16
41.3,28.54,202213,14.89,0.54,51.29,1.79
41.3,28.54,202313,14.26,0.51,56.72,2.0
41.3,28.57,202013,14.77,0.53,53.42,1.58
41.3,28.57,202113,14.24,0.51,58.25,2.16
41.3,28.57,202213,14.89,0.54,51.29,1.79
41.3,28.57,202313,14.26,0.51,56.72,2.0
41.3,28.6,202013,14.77,0.53,53.42,1.58
41.3,28.6,202113,14.24,0.51,58.25,2.16
41.3,28.6,202213,14.89,0.54,51.29,1.79
41.3,28.6,202313,14.26,0.51,56.72,2.0
41.3,28.63,202013,14.77,0.53,53.42,1.58
41.3,28.63,202113,14.24,0.51,58.25,2.16
41.3,28.63,202213,14.89,0.54,51.29,1.79
41.3,28.63,202313,14.26,0.51,56.72,2.0
41.3,28.66,202013,14.77,0.53,53.42,1.58
41.3,28.66,202113,14.24,0.51,58.25,2.16
41.3,28.66,202213,14.89,0.54,51.29,1.79
41.3,28.66,202313,14.26,0.51,56.72,2.0
41.3,28.69,202013,14.77,0.53,53.42,1.58
41.3,28.69,202113,14.24,0.51,58.25,2.16
41.3,28.69,202213,14.89,0.54,51.29,1.79
41.3,28.69,202313,14.26,0.51,56.72,2.0
41.3,28.72,202013,14.77,0.53,53.42,1.58
41.3,28.72,202113,14.24,0.51,58.25,2.16
41.3,28.72,202213,14.89,0.54,51.29,1.79
41.3,28.72,202313,14.26,0.51,56.72,2.0
41.3,28.75,202013,14.77,0.53,53.42,1.58
41.3,28.75,202113,14.24,0.51,58.25,2.16
41.3,28.75,202213,14.89,0.54,51.29,1.79
41.3,28.75,202313,14.26,0.51,56.72,2.0
41.3,28.78,202013,14.77,0.53,53.42,1.58
41.3,28.78,202113,14.24,0.51,58.25,2.16
41.3,28.78,202213,14.89,0.54,51.29,1.79
41.3,28.78,202313,14.26,0.51,56.72,2.0
41.32,28.09,202013,14.77,0.53,53.42,1.47
41.32,28.09,202113,14.24,0.51,58.25,2.0
41.32,28.09,202213,14.89,0.54,51.29,1.54
41.32,28.09,202313,14.26,0.51,56.72,1.74
41.32,28.12,202013,14.77,0.53,53.42,1.47
41.32,28.12,202113,14.24,0.51,58.25,2.0
41.32,28.12,202213,14.89,0.54,51.29,1.54
41.32,28.12,202313,14.26,0.51,56.72,1.74
41.32,28.15,202013,14.77,0.53,53.42,1.47
41.32,28.15,202113,14.24,0.51,58.25,2.0
41.32,28.15,202213,14.89,0.54,51.29,1.54
41.32,28.15,202313,14.26,0.51,56.72,1.74
41.32,28.18,202013,14.77,0.53,53.42,1.47
41.32,28.18,202113,14.24,0.51,58.25,2.0
41.32,28.18,202213,14.89,0.54,51.29,1.54
41.32,28.18,202313,14.26,0.51,56.72,1.74
41.32,28.21,202013,14.77,0.53,53.42,1.47
41.32,28.21,202113,14.24,0.51,58.25,2.0
41.32,28.21,202213,14.89,0.54,51.29,1.54
41.32,28.21,202313,14.26,0.51,56.72,1.74
41.32,28.24,202013,14.77,0.53,53.42,1.47
41.32,28.24,202113,14.24,0.51,58.25,2.0
41.32,28.24,202213,14.89,0.54,51.29,1.54
41.32,28.24,202313,14.26,0.51,56.72,1.74
41.32,28.27,202013,14.77,0.53,53.42,1.47
41.32,28.27,202113,14.24,0.51,58.25,2.0
41.32,28.27,202213,14.89,0.54,51.29,1.54
41.32,28.27,202313,14.26,0.51,56.72,1.74
41.32,28.3,202013,14.77,0.53,53.42,1.47
41.32,28.3,202113,14.24,0.51,58.25,2.0
41.32,28.3,202213,14.89,0.54,51.29,1.54
41.32,28.3,202313,14.26,0.51,56.72,1.74
41.32,28.33,202013,14.77,0.53,53.42,1.47
41.32,28.33,202113,14.24,0.51,58.25,2.0
41.32,28.33,202213,14.89,0.54,51.29,1.54
41.32,28.33,202313,14.26,0.51,56.72,1.74
41.32,28.36,202013,14.77,0.53,53.42,1.47
41.32,28.36,202113,14.24,0.51,58.25,2.0
41.32,28.36,202213,14.89,0.54,51.29,1.54
41.32,28.36,202313,14.26,0.51,56.72,1.74
41.32,28.39,202013,14.77,0.53,53.42,1.47
41.32,28.39,202113,14.24,0.51,58.25,2.0
41.32,28.39,202213,14.89,0.54,51.29,1.54
41.32,28.39,202313,14.26,0.51,56.72,1.74
41.32,28.42,202013,14.77,0.53,53.42,1.47
41.32,28.42,202113,14.24,0.51,58.25,2.0
41.32,28.42,202213,14.89,0.54,51.29,1.54
41.32,28.42,202313,14.26,0.51,56.72,1.74
41.32,28.45,202013,14.77,0.53,53.42,1.58
41.32,28.45,202113,14.24,0.51,58.25,2.16
41.32,28.45,202213,14.89,0.54,51.29,1.79
41.32,28.45,202313,14.26,0.51,56.72,2.0
41.32,28.48,202013,14.77,0.53,53.42,1.58
41.32,28.48,202113,14.24,0.51,58.25,2.16
41.32,28.48,202213,14.89,0.54,51.29,1.79
41.32,28.48,202313,14.26,0.51,56.72,2.0
41.32,28.51,202013,14.77,0.53,53.42,1.58
41.32,28.51,202113,14.24,0.51,58.25,2.16
41.32,28.51,202213,14.89,0.54,51.29,1.79
41.32,28.51,202313,14.26,0.51,56.72,2.0
41.32,28.54,202013,14.77,0.53,53.42,1.58
41.32,28.54,202113,14.24,0.51,58.25,2.16
41.32,28.54,202213,14.89,0.54,51.29,1.79
41.32,28.54,202313,14.26,0.51,56.72,2.0
41.32,28.57,202013,14.77,0.53,53.42,1.58
41.32,28.57,202113,14.24,0.51,58.25,2.16
41.32,28.57,202213,14.89,0.54,51.29,1.79
41.32,28.57,202313,14.26,0.51,56.72,2.0
41.32,28.6,202013,14.77,0.53,53.42,1.58
41.32,28.6,202113,14.24,0.51,58.25,2.16
41.32,28.6,202213,14.89,0.54,51.29,1.79
41.32,28.6,202313,14.26,0.51,56.72,2.0
41.32,28.63,202013,14.77,0.53,53.42,1.58
41.32,28.63,202113,14.24,0.51,58.25,2.16
41.32,28.63,202213,14.89,0.54,51.29,1.79
41.32,28.63,202313,14.26,0.51,56.72,2.0
41.32,28.66,202013,14.77,0.53,53.42,1.58
41.32,28.66,202113,14.24,0.51,58.25,2.16
41.32,28.66,202213,14.89,0.54,51.29,1.79
41.32,28.66,202313,14.26,0.51,56.72,2.0
41.32,28.69,202013,14.77,0.53,53.42,1.58
41.32,28.69,202113,14.24,0.51,58.25,2.16
41.32,28.69,202213,14.89,0.54,51.29,1.79
41.32,28.69,202313,14.26,0.51,56.72,2.0
41.32,28.72,202013,14.77,0.53,53.42,1.58
41.32,28.72,202113,14.24,0.51,58.25,2.16
41.32,28.72,202213,14.89,0.54,51.29,1.79
41.32,28.72,202313,14.26,0.51,56.72,2.0
41.34,28.09,202013,14.77,0.53,53.42,1.47
41.34,28.09,202113,14.24,0.51,58.25,2.0
41.34,28.09,202213,14.89,0.54,51.29,1.54
41.34,28.09,202313,14.26,0.51,56.72,1.74
41.34,28.12,202013,14.77,0.53,53.42,1.47
41.34,28.12,202113,14.24,0.51,58.25,2.0
41.34,28.12,202213,14.89,0.54,51.29,1.54
41.34,28.12,202313,14.26,0.51,56.72,1.74
41.34,28.15,202013,14.77,0.53,53.42,1.47
41.34,28.15,202113,14.24,0.51,58.25,2.0
41.34,28.15,202213,14.89,0.54,51.29,1.54
41.34,28.15,202313,14.26,0.51,56.72,1.74
41.34,28.18,202013,14.77,0.53,53.42,1.47
41.34,28.18,202113,14.24,0.51,58.25,2.0
41.34,28.18,202213,14.89,0.54,51.29,1.54
41.34,28.18,202313,14.26,0.51,56.72,1.74
41.34,28.21,202013,14.77,0.53,53.42,1.47
41.34,28.21,202113,14.24,0.51,58.25,2.0
41.34,28.21,202213,14.89,0.54,51.29,1.54
41.34,28.21,202313,14.26,0.51,56.72,1.74
41.34,28.24,202013,14.77,0.53,53.42,1.47
41.34,28.24,202113,14.24,0.51,58.25,2.0
41.34,28.24,202213,14.89,0.54,51.29,1.54
41.34,28.24,202313,14.26,0.51,56.72,1.74
41.34,28.27,202013,14.77,0.53,53.42,1.47
41.34,28.27,202113,14.24,0.51,58.25,2.0
41.34,28.27,202213,14.89,0.54,51.29,1.54
41.34,28.27,202313,14.26,0.51,56.72,1.74
41.34,28.3,202013,14.77,0.53,53.42,1.47
41.34,28.3,202113,14.24,0.51,58.25,2.0
41.34,28.3,202213,14.89,0.54,51.29,1.54
41.34,28.3,202313,14.26,0.51,56.72,1.74
41.34,28.33,202013,14.77,0.53,53.42,1.47
41.34,28.33,202113,14.24,0.51,58.25,2.0
41.34,28.33,202213,14.89,0.54,51.29,1.54
41.34,28.33,202313,14.26,0.51,56.72,1.74
41.34,28.36,202013,14.77,0.53,53.42,1.47
41.34,28.36,202113,14.24,0.51,58.25,2.0
41.34,28.36,202213,14.89,0.54,51.29,1.54
41.34,28.36,202313,14.26,0.51,56.72,1.74
41.34,28.39,202013,14.77,0.53,53.42,1.47
41.34,28.39,202113,14.24,0.51,58.25,2.0
41.34,28.39,202213,14.89,0.54,51.29,1.54
41.34,28.39,202313,14.26,0.51,56.72,1.74
41.34,28.42,202013,14.77,0.53,53.42,1.47
41.34,28.42,202113,14.24,0.51,58.25,2.0
41.34,28.42,202213,14.89,0.54,51.29,1.54
41.34,28.42,202313,14.26,0.51,56.72,1.74
41.34,28.45,202013,14.77,0.53,53.42,1.58
41.34,28.45,202113,14.24,0.51,58.25,2.16
41.34,28.45,202213,14.89,0.54,51.29,1.79
41.34,28.45,202313,14.26,0.51,56.72,2.0
41.34,28.48,202013,14.77,0.53,53.42,1.58
41.34,28.48,202113,14.24,0.51,58.25,2.16
41.34,28.48,202213,14.89,0.54,51.29,1.79
41.34,28.48,202313,14.26,0.51,56.72,2.0
41.34,28.51,202013,14.77,0.53,53.42,1.58
41.34,28.51,202113,14.24,0.51,58.25,2.16
41.34,28.51,202213,14.89,0.54,51.29,1.79
41.34,28.51,202313,14.26,0.51,56.72,2.0
41.34,28.54,202013,14.77,0.53,53.42,1.58
41.34,28.54,202113,14.24,0.51,58.25,2.16
41.34,28.54,202213,14.89,0.54,51.29,1.79
41.34,28.54,202313,14.26,0.51,56.72,2.0
41.34,28.57,202013,14.77,0.53,53.42,1.58
41.34,28.57,202113,14.24,0.51,58.25,2.16
41.34,28.57,202213,14.89,0.54,51.29,1.79
41.34,28.57,202313,14.26,0.51,56.72,2.0
41.34,28.6,202013,14.77,0.53,53.42,1.58
41.34,28.6,202113,14.24,0.51,58.25,2.16
41.34,28.6,202213,14.89,0.54,51.29,1.79
41.34,28.6,202313,14.26,0.51,56.72,2.0
41.34,28.63,202013,14.77,0.53,53.42,1.58
41.34,28.63,202113,14.24,0.51,58.25,2.16
41.34,28.63,202213,14.89,0.54,51.29,1.79
41.34,28.63,202313,14.26,0.51,56.72,2.0
41.34,28.66,202013,14.77,0.53,53.42,1.58
41.34,28.66,202113,14.24,0.51,58.25,2.16
41.34,28.66,202213,14.89,0.54,51.29,1.79
41.34,28.66,202313,14.26,0.51,56.72,2.0
41.36,28.09,202013,14.77,0.53,53.42,1.47
41.36,28.09,202113,14.24,0.51,58.25,2.0
41.36,28.09,202213,14.89,0.54,51.29,1.54
41.36,28.09,202313,14.26,0.51,56.72,1.74
41.36,28.12,202013,14.77,0.53,53.42,1.47
41.36,28.12,202113,14.24,0.51,58.25,2.0
41.36,28.12,202213,14.89,0.54,51.29,1.54
41.36,28.12,202313,14.26,0.51,56.72,1.74
41.36,28.15,202013,14.77,0.53,53.42,1.47
41.36,28.15,202113,14.24,0.51,58.25,2.0
41.36,28.15,202213,14.89,0.54,51.29,1.54
41.36,28.15,202313,14.26,0.51,56.72,1.74
41.36,28.18,202013,14.77,0.53,53.42,1.47
41.36,28.18,202113,14.24,0.51,58.25,2.0
41.36,28.18,202213,14.89,0.54,51.29,1.54
41.36,28.18,202313,14.26,0.51,56.72,1.74
41.36,28.21,202013,14.77,0.53,53.42,1.47
41.36,28.21,202113,14.24,0.51,58.25,2.0
41.36,28.21,202213,14.89,0.54,51.29,1.54
41.36,28.21,202313,14.26,0.51,56.72,1.74
41.36,28.24,202013,14.77,0.53,53.42,1.47
41.36,28.24,202113,14.24,0.51,58.25,2.0
41.36,28.24,202213,14.89,0.54,51.29,1.54
41.36,28.24,202313,14.26,0.51,56.72,1.74
41.36,28.27,202013,14.77,0.53,53.42,1.47
41.36,28.27,202113,14.24,0.51,58.25,2.0
41.36,28.27,202213,14.89,0.54,51.29,1.54
41.36,28.27,202313,14.26,0.51,56.72,1.74
41.36,28.3,202013,14.77,0.53,53.42,1.47
41.36,28.3,202113,14.24,0.51,58.25,2.0
41.36,28.3,202213,14.89,0.54,51.29,1.54
41.36,28.3,202313,14.26,0.51,56.72,1.74
41.36,28.33,202013,14.77,0.53,53.42,1.47
41.36,28.33,202113,14.24,0.51,58.25,2.0
41.36,28.33,202213,14.89,0.54,51.29,1.54
41.36,28.33,202313,14.26,0.51,56.72,1.74
41.36,28.36,202013,14.77,0.53,53.42,1.47
41.36,28.36,202113,14.24,0.51,58.25,2.0
41.36,28.36,202213,14.89,0.54,51.29,1.54
41.36,28.36,202313,14.26,0.51,56.72,1.74
41.36,28.39,202013,14.77,0.53,53.42,1.47
41.36,28.39,202113,14.24,0.51,58.25,2.0
41.36,28.39,202213,14.89,0.54,51.29,1.54
41.36,28.39,202313,14.26,0.51,56.72,1.74
41.36,28.42,202013,14.77,0.53,53.42,1.47
41.36,28.42,202113,14.24,0.51,58.25,2.0
41.36,28.42,202213,14.89,0.54,51.29,1.54
41.36,28.42,202313,14.26,0.51,56.72,1.74
41.36,28.45,202013,14.77,0.53,53.42,1.58
41.36,28.45,202113,14.24,0.51,58.25,2.16
41.36,28.45,202213,14.89,0.54,51.29,1.79
41.36,28.45,202313,14.26,0.51,56.72,2.0
41.36,28.48,202013,14.77,0.53,53.42,1.58
41.36,28.48,202113,14.24,0.51,58.25,2.16
41.36,28.48,202213,14.89,0.54,51.29,1.79
41.36,28.48,202313,14.26,0.51,56.72,2.0
41.36,28.51,202013,14.77,0.53,53.42,1.58
41.36,28.51,202113,14.24,0.51,58.25,2.16
41.36,28.51,202213,14.89,0.54,51.29,1.79
41.36,28.51,202313,14.26,0.51,56.72,2.0
41.36,28.54,202013,14.77,0.53,53.42,1.58
41.36,28.54,202113,14.24,0.51,58.25,2.16
41.36,28.54,202213,14.89,0.54,51.29,1.79
41.36,28.54,202313,14.26,0.51,56.72,2.0
41.36,28.57,202013,14.77,0.53,53.42,1.58
41.36,28.57,202113,14.24,0.51,58.25,2.16
41.36,28.57,202213,14.89,0.54,51.29,1.79
41.36,28.57,202313,14.26,0.51,56.72,2.0
41.36,28.6,202013,14.77,0.53,53.42,1.58
41.36,28.6,202113,14.24,0.51,58.25,2.16
41.36,28.6,202213,14.89,0.54,51.29,1.79
41.36,28.6,202313,14.26,0.51,56.72,2.0
41.38,28.12,202013,14.77,0.53,53.42,1.47
41.38,28.12,202113,14.24,0.51,58.25,2.0
41.38,28.12,202213,14.89,0.54,51.29,1.54
41.38,28.12,202313,14.26,0.51,56.72,1.74
41.38,28.15,202013,14.77,0.53,53.42,1.47
41.38,28.15,202113,14.24,0.51,58.25,2.0
41.38,28.15,202213,14.89,0.54,51.29,1.54
41.38,28.15,202313,14.26,0.51,56.72,1.74
41.38,28.18,202013,14.77,0.53,53.42,1.47
41.38,28.18,202113,14.24,0.51,58.25,2.0
41.38,28.18,202213,14.89,0.54,51.29,1.54
41.38,28.18,202313,14.26,0.51,56.72,1.74
41.38,28.21,202013,14.77,0.53,53.42,1.47
41.38,28.21,202113,14.24,0.51,58.25,2.0
41.38,28.21,202213,14.89,0.54,51.29,1.54
41.38,28.21,202313,14.26,0.51,56.72,1.74
41.38,28.24,202013,14.77,0.53,53.42,1.47
41.38,28.24,202113,14.24,0.51,58.25,2.0
41.38,28.24,202213,14.89,0.54,51.29,1.54
41.38,28.24,202313,14.26,0.51,56.72,1.74
41.38,28.27,202013,14.77,0.53,53.42,1.47
41.38,28.27,202113,14.24,0.51,58.25,2.0
41.38,28.27,202213,14.89,0.54,51.29,1.54
41.38,28.27,202313,14.26,0.51,56.72,1.74
41.38,28.3,202013,14.77,0.53,53.42,1.47
41.38,28.3,202113,14.24,0.51,58.25,2.0
41.38,28.3,202213,14.89,0.54,51.29,1.54
41.38,28.3,202313,14.26,0.51,56.72,1.74
